employee_id,event_id,date,status,format
E001,EV001,2024-09-15,completed,workshop
E001,EV002,2024-10-15,skipped,workshop
E001,EV003,2024-11-15,skipped,workshop
E001,EV004,2024-12-15,completed,course
E001,EV005,2025-01-15,skipped,course
E001,EV006,2025-02-15,skipped,course
E001,EV007,2025-03-15,completed,mentoring
E001,EV008,2025-04-15,skipped,mentoring
E001,EV009,2025-05-15,skipped,mentoring
E001,EV010,2025-06-15,completed,workshop
E001,EV011,2025-07-15,skipped,workshop
E001,EV012,2025-08-15,skipped,workshop
E001,EV013,2025-09-15,completed,course
E001,EV014,2025-10-15,skipped,course
E001,EV015,2025-11-15,skipped,course
E001,EV016,2025-12-15,completed,mentoring
E001,EV017,2026-01-15,skipped,mentoring
E001,EV018,2026-02-15,skipped,mentoring
E001,EV019,2026-03-15,completed,workshop
E001,EV020,2026-04-15,skipped,workshop
E001,EV021,2026-05-15,skipped,workshop
E001,EV022,2026-06-15,completed,course
E001,EV023,2026-07-15,skipped,course
E001,EV024,2026-08-15,skipped,course
E002,EV002,2024-09-15,completed,workshop
E002,EV003,2024-10-15,skipped,workshop
E002,EV004,2024-11-15,skipped,course
E002,EV005,2024-12-15,completed,course
E002,EV006,2025-01-15,skipped,course
E002,EV007,2025-02-15,skipped,mentoring
E002,EV008,2025-03-15,completed,mentoring
E002,EV009,2025-04-15,skipped,mentoring
E002,EV010,2025-05-15,skipped,workshop
E002,EV011,2025-06-15,completed,workshop
E002,EV012,2025-07-15,skipped,workshop
E002,EV013,2025-08-15,skipped,course
E002,EV014,2025-09-15,completed,course
E002,EV015,2025-10-15,skipped,course
E002,EV016,2025-11-15,skipped,mentoring
E002,EV017,2025-12-15,completed,mentoring
E002,EV018,2026-01-15,skipped,mentoring
E002,EV019,2026-02-15,skipped,workshop
E002,EV020,2026-03-15,completed,workshop
E002,EV021,2026-04-15,skipped,workshop
E002,EV022,2026-05-15,skipped,course
E002,EV023,2026-06-15,completed,course
E002,EV024,2026-07-15,skipped,course
E002,EV025,2026-08-15,skipped,mentoring
E003,EV003,2024-09-15,completed,workshop
E003,EV004,2024-10-15,skipped,course
E003,EV005,2024-11-15,skipped,course
E003,EV006,2024-12-15,completed,course
E003,EV007,2025-01-15,skipped,mentoring
E003,EV008,2025-02-15,skipped,mentoring
E003,EV009,2025-03-15,completed,mentoring
E003,EV010,2025-04-15,skipped,workshop
E003,EV011,2025-05-15,skipped,workshop
E003,EV012,2025-06-15,completed,workshop
E003,EV013,2025-07-15,skipped,course
E003,EV014,2025-08-15,skipped,course
E003,EV015,2025-09-15,completed,course
E003,EV016,2025-10-15,skipped,mentoring
E003,EV017,2025-11-15,skipped,mentoring
E003,EV018,2025-12-15,completed,mentoring
E003,EV019,2026-01-15,skipped,workshop
E003,EV020,2026-02-15,skipped,workshop
E003,EV021,2026-03-15,completed,workshop
E003,EV022,2026-04-15,skipped,course
E003,EV023,2026-05-15,skipped,course
E003,EV024,2026-06-15,completed,course
E003,EV025,2026-07-15,skipped,mentoring
E003,EV026,2026-08-15,skipped,mentoring
E004,EV004,2024-09-15,completed,course
E004,EV005,2024-10-15,skipped,course
E004,EV006,2024-11-15,skipped,course
E004,EV007,2024-12-15,completed,mentoring
E004,EV008,2025-01-15,skipped,mentoring
E004,EV009,2025-02-15,skipped,mentoring
E004,EV010,2025-03-15,completed,workshop
E004,EV011,2025-04-15,skipped,workshop
E004,EV012,2025-05-15,skipped,workshop
E004,EV013,2025-06-15,completed,course
E004,EV014,2025-07-15,skipped,course
E004,EV015,2025-08-15,skipped,course
E004,EV016,2025-09-15,completed,mentoring
E004,EV017,2025-10-15,skipped,mentoring
E004,EV018,2025-11-15,skipped,mentoring
E004,EV019,2025-12-15,completed,workshop
E004,EV020,2026-01-15,skipped,workshop
E004,EV021,2026-02-15,skipped,workshop
E004,EV022,2026-03-15,completed,course
E004,EV023,2026-04-15,skipped,course
E004,EV024,2026-05-15,skipped,course
E004,EV025,2026-06-15,completed,mentoring
E004,EV026,2026-07-15,skipped,mentoring
E004,EV027,2026-08-15,skipped,mentoring
E005,EV005,2024-09-15,completed,course
E005,EV006,2024-10-15,skipped,course
E005,EV007,2024-11-15,skipped,mentoring
E005,EV008,2024-12-15,completed,mentoring
E005,EV009,2025-01-15,skipped,mentoring
E005,EV010,2025-02-15,skipped,workshop
E005,EV011,2025-03-15,completed,workshop
E005,EV012,2025-04-15,skipped,workshop
E005,EV013,2025-05-15,skipped,course
E005,EV014,2025-06-15,completed,course
E005,EV015,2025-07-15,skipped,course
E005,EV016,2025-08-15,skipped,mentoring
E005,EV017,2025-09-15,completed,mentoring
E005,EV018,2025-10-15,skipped,mentoring
E005,EV019,2025-11-15,skipped,workshop
E005,EV020,2025-12-15,completed,workshop
E005,EV021,2026-01-15,skipped,workshop
E005,EV022,2026-02-15,skipped,course
E005,EV023,2026-03-15,completed,course
E005,EV024,2026-04-15,skipped,course
E005,EV025,2026-05-15,skipped,mentoring
E005,EV026,2026-06-15,completed,mentoring
E005,EV027,2026-07-15,skipped,mentoring
E005,EV028,2026-08-15,skipped,workshop
E006,EV006,2024-09-15,completed,course
E006,EV007,2024-10-15,skipped,mentoring
E006,EV008,2024-11-15,skipped,mentoring
E006,EV009,2024-12-15,completed,mentoring
E006,EV010,2025-01-15,skipped,workshop
E006,EV011,2025-02-15,skipped,workshop
E006,EV012,2025-03-15,completed,workshop
E006,EV013,2025-04-15,skipped,course
E006,EV014,2025-05-15,skipped,course
E006,EV015,2025-06-15,completed,course
E006,EV016,2025-07-15,skipped,mentoring
E006,EV017,2025-08-15,skipped,mentoring
E006,EV018,2025-09-15,completed,mentoring
E006,EV019,2025-10-15,skipped,workshop
E006,EV020,2025-11-15,skipped,workshop
E006,EV021,2025-12-15,completed,workshop
E006,EV022,2026-01-15,skipped,course
E006,EV023,2026-02-15,skipped,course
E006,EV024,2026-03-15,completed,course
E006,EV025,2026-04-15,skipped,mentoring
E006,EV026,2026-05-15,skipped,mentoring
E006,EV027,2026-06-15,completed,mentoring
E006,EV028,2026-07-15,skipped,workshop
E006,EV029,2026-08-15,skipped,workshop
E007,EV007,2024-09-15,completed,mentoring
E007,EV008,2024-10-15,skipped,mentoring
E007,EV009,2024-11-15,skipped,mentoring
E007,EV010,2024-12-15,completed,workshop
E007,EV011,2025-01-15,skipped,workshop
E007,EV012,2025-02-15,skipped,workshop
E007,EV013,2025-03-15,completed,course
E007,EV014,2025-04-15,skipped,course
E007,EV015,2025-05-15,skipped,course
E007,EV016,2025-06-15,completed,mentoring
E007,EV017,2025-07-15,skipped,mentoring
E007,EV018,2025-08-15,skipped,mentoring
E007,EV019,2025-09-15,completed,workshop
E007,EV020,2025-10-15,skipped,workshop
E007,EV021,2025-11-15,skipped,workshop
E007,EV022,2025-12-15,completed,course
E007,EV023,2026-01-15,skipped,course
E007,EV024,2026-02-15,skipped,course
E007,EV025,2026-03-15,completed,mentoring
E007,EV026,2026-04-15,skipped,mentoring
E007,EV027,2026-05-15,skipped,mentoring
E007,EV028,2026-06-15,completed,workshop
E007,EV029,2026-07-15,skipped,workshop
E007,EV030,2026-08-15,skipped,workshop
E008,EV008,2024-09-15,completed,mentoring
E008,EV009,2024-10-15,skipped,mentoring
E008,EV010,2024-11-15,skipped,workshop
E008,EV011,2024-12-15,completed,workshop
E008,EV012,2025-01-15,skipped,workshop
E008,EV013,2025-02-15,skipped,course
E008,EV014,2025-03-15,completed,course
E008,EV015,2025-04-15,skipped,course
E008,EV016,2025-05-15,skipped,mentoring
E008,EV017,2025-06-15,completed,mentoring
E008,EV018,2025-07-15,skipped,mentoring
E008,EV019,2025-08-15,skipped,workshop
E008,EV020,2025-09-15,completed,workshop
E008,EV021,2025-10-15,skipped,workshop
E008,EV022,2025-11-15,skipped,course
E008,EV023,2025-12-15,completed,course
E008,EV024,2026-01-15,skipped,course
E008,EV025,2026-02-15,skipped,mentoring
E008,EV026,2026-03-15,completed,mentoring
E008,EV027,2026-04-15,skipped,mentoring
E008,EV028,2026-05-15,skipped,workshop
E008,EV029,2026-06-15,completed,workshop
E008,EV030,2026-07-15,skipped,workshop
E008,EV031,2026-08-15,skipped,course
E009,EV009,2024-09-15,completed,mentoring
E009,EV010,2024-10-15,skipped,workshop
E009,EV011,2024-11-15,skipped,workshop
E009,EV012,2024-12-15,completed,workshop
E009,EV013,2025-01-15,skipped,course
E009,EV014,2025-02-15,skipped,course
E009,EV015,2025-03-15,completed,course
E009,EV016,2025-04-15,skipped,mentoring
E009,EV017,2025-05-15,skipped,mentoring
E009,EV018,2025-06-15,completed,mentoring
E009,EV019,2025-07-15,skipped,workshop
E009,EV020,2025-08-15,skipped,workshop
E009,EV021,2025-09-15,completed,workshop
E009,EV022,2025-10-15,skipped,course
E009,EV023,2025-11-15,skipped,course
E009,EV024,2025-12-15,completed,course
E009,EV025,2026-01-15,skipped,mentoring
E009,EV026,2026-02-15,skipped,mentoring
E009,EV027,2026-03-15,completed,mentoring
E009,EV028,2026-04-15,skipped,workshop
E009,EV029,2026-05-15,skipped,workshop
E009,EV030,2026-06-15,completed,workshop
E009,EV031,2026-07-15,skipped,course
E009,EV032,2026-08-15,skipped,course
E010,EV010,2024-09-15,completed,workshop
E010,EV011,2024-10-15,skipped,workshop
E010,EV012,2024-11-15,skipped,workshop
E010,EV013,2024-12-15,completed,course
E010,EV014,2025-01-15,skipped,course
E010,EV015,2025-02-15,skipped,course
E010,EV016,2025-03-15,completed,mentoring
E010,EV017,2025-04-15,skipped,mentoring
E010,EV018,2025-05-15,skipped,mentoring
E010,EV019,2025-06-15,completed,workshop
E010,EV020,2025-07-15,skipped,workshop
E010,EV021,2025-08-15,skipped,workshop
E010,EV022,2025-09-15,completed,course
E010,EV023,2025-10-15,skipped,course
E010,EV024,2025-11-15,skipped,course
E010,EV025,2025-12-15,completed,mentoring
E010,EV026,2026-01-15,skipped,mentoring
E010,EV027,2026-02-15,skipped,mentoring
E010,EV028,2026-03-15,completed,workshop
E010,EV029,2026-04-15,skipped,workshop
E010,EV030,2026-05-15,skipped,workshop
E010,EV031,2026-06-15,completed,course
E010,EV032,2026-07-15,skipped,course
E010,EV033,2026-08-15,skipped,course
E011,EV011,2024-09-15,completed,workshop
E011,EV012,2024-10-15,skipped,workshop
E011,EV013,2024-11-15,skipped,course
E011,EV014,2024-12-15,completed,course
E011,EV015,2025-01-15,skipped,course
E011,EV016,2025-02-15,skipped,mentoring
E011,EV017,2025-03-15,completed,mentoring
E011,EV018,2025-04-15,skipped,mentoring
E011,EV019,2025-05-15,skipped,workshop
E011,EV020,2025-06-15,completed,workshop
E011,EV021,2025-07-15,skipped,workshop
E011,EV022,2025-08-15,skipped,course
E011,EV023,2025-09-15,completed,course
E011,EV024,2025-10-15,skipped,course
E011,EV025,2025-11-15,skipped,mentoring
E011,EV026,2025-12-15,completed,mentoring
E011,EV027,2026-01-15,skipped,mentoring
E011,EV028,2026-02-15,skipped,workshop
E011,EV029,2026-03-15,completed,workshop
E011,EV030,2026-04-15,skipped,workshop
E011,EV031,2026-05-15,skipped,course
E011,EV032,2026-06-15,completed,course
E011,EV033,2026-07-15,skipped,course
E011,EV034,2026-08-15,skipped,mentoring
E012,EV012,2024-09-15,completed,workshop
E012,EV013,2024-10-15,skipped,course
E012,EV014,2024-11-15,skipped,course
E012,EV015,2024-12-15,completed,course
E012,EV016,2025-01-15,skipped,mentoring
E012,EV017,2025-02-15,skipped,mentoring
E012,EV018,2025-03-15,completed,mentoring
E012,EV019,2025-04-15,skipped,workshop
E012,EV020,2025-05-15,skipped,workshop
E012,EV021,2025-06-15,completed,workshop
E012,EV022,2025-07-15,skipped,course
E012,EV023,2025-08-15,skipped,course
E012,EV024,2025-09-15,completed,course
E012,EV025,2025-10-15,skipped,mentoring
E012,EV026,2025-11-15,skipped,mentoring
E012,EV027,2025-12-15,completed,mentoring
E012,EV028,2026-01-15,skipped,workshop
E012,EV029,2026-02-15,skipped,workshop
E012,EV030,2026-03-15,completed,workshop
E012,EV031,2026-04-15,skipped,course
E012,EV032,2026-05-15,skipped,course
E012,EV033,2026-06-15,completed,course
E012,EV034,2026-07-15,skipped,mentoring
E012,EV035,2026-08-15,skipped,mentoring
E013,EV013,2024-09-15,completed,course
E013,EV014,2024-10-15,skipped,course
E013,EV015,2024-11-15,skipped,course
E013,EV016,2024-12-15,completed,mentoring
E013,EV017,2025-01-15,skipped,mentoring
E013,EV018,2025-02-15,skipped,mentoring
E013,EV019,2025-03-15,completed,workshop
E013,EV020,2025-04-15,skipped,workshop
E013,EV021,2025-05-15,skipped,workshop
E013,EV022,2025-06-15,completed,course
E013,EV023,2025-07-15,skipped,course
E013,EV024,2025-08-15,skipped,course
E013,EV025,2025-09-15,completed,mentoring
E013,EV026,2025-10-15,skipped,mentoring
E013,EV027,2025-11-15,skipped,mentoring
E013,EV028,2025-12-15,completed,workshop
E013,EV029,2026-01-15,skipped,workshop
E013,EV030,2026-02-15,skipped,workshop
E013,EV031,2026-03-15,completed,course
E013,EV032,2026-04-15,skipped,course
E013,EV033,2026-05-15,skipped,course
E013,EV034,2026-06-15,completed,mentoring
E013,EV035,2026-07-15,skipped,mentoring
E013,EV036,2026-08-15,skipped,mentoring
E014,EV014,2024-09-15,completed,course
E014,EV015,2024-10-15,skipped,course
E014,EV016,2024-11-15,skipped,mentoring
E014,EV017,2024-12-15,completed,mentoring
E014,EV018,2025-01-15,skipped,mentoring
E014,EV019,2025-02-15,skipped,workshop
E014,EV020,2025-03-15,completed,workshop
E014,EV021,2025-04-15,skipped,workshop
E014,EV022,2025-05-15,skipped,course
E014,EV023,2025-06-15,completed,course
E014,EV024,2025-07-15,skipped,course
E014,EV025,2025-08-15,skipped,mentoring
E014,EV026,2025-09-15,completed,mentoring
E014,EV027,2025-10-15,skipped,mentoring
E014,EV028,2025-11-15,skipped,workshop
E014,EV029,2025-12-15,completed,workshop
E014,EV030,2026-01-15,skipped,workshop
E014,EV031,2026-02-15,skipped,course
E014,EV032,2026-03-15,completed,course
E014,EV033,2026-04-15,skipped,course
E014,EV034,2026-05-15,skipped,mentoring
E014,EV035,2026-06-15,completed,mentoring
E014,EV036,2026-07-15,skipped,mentoring
E014,EV037,2026-08-15,skipped,workshop
E015,EV015,2024-09-15,completed,course
E015,EV016,2024-10-15,skipped,mentoring
E015,EV017,2024-11-15,skipped,mentoring
E015,EV018,2024-12-15,completed,mentoring
E015,EV019,2025-01-15,skipped,workshop
E015,EV020,2025-02-15,skipped,workshop
E015,EV021,2025-03-15,completed,workshop
E015,EV022,2025-04-15,skipped,course
E015,EV023,2025-05-15,skipped,course
E015,EV024,2025-06-15,completed,course
E015,EV025,2025-07-15,skipped,mentoring
E015,EV026,2025-08-15,skipped,mentoring
E015,EV027,2025-09-15,completed,mentoring
E015,EV028,2025-10-15,skipped,workshop
E015,EV029,2025-11-15,skipped,workshop
E015,EV030,2025-12-15,completed,workshop
E015,EV031,2026-01-15,skipped,course
E015,EV032,2026-02-15,skipped,course
E015,EV033,2026-03-15,completed,course
E015,EV034,2026-04-15,skipped,mentoring
E015,EV035,2026-05-15,skipped,mentoring
E015,EV036,2026-06-15,completed,mentoring
E015,EV037,2026-07-15,skipped,workshop
E015,EV038,2026-08-15,skipped,workshop
E016,EV016,2024-09-15,completed,mentoring
E016,EV017,2024-10-15,skipped,mentoring
E016,EV018,2024-11-15,skipped,mentoring
E016,EV019,2024-12-15,completed,workshop
E016,EV020,2025-01-15,skipped,workshop
E016,EV021,2025-02-15,skipped,workshop
E016,EV022,2025-03-15,completed,course
E016,EV023,2025-04-15,skipped,course
E016,EV024,2025-05-15,skipped,course
E016,EV025,2025-06-15,completed,mentoring
E016,EV026,2025-07-15,skipped,mentoring
E016,EV027,2025-08-15,skipped,mentoring
E016,EV028,2025-09-15,completed,workshop
E016,EV029,2025-10-15,skipped,workshop
E016,EV030,2025-11-15,skipped,workshop
E016,EV031,2025-12-15,completed,course
E016,EV032,2026-01-15,skipped,course
E016,EV033,2026-02-15,skipped,course
E016,EV034,2026-03-15,completed,mentoring
E016,EV035,2026-04-15,skipped,mentoring
E016,EV036,2026-05-15,skipped,mentoring
E016,EV037,2026-06-15,completed,workshop
E016,EV038,2026-07-15,skipped,workshop
E016,EV039,2026-08-15,skipped,workshop
E017,EV017,2024-09-15,completed,mentoring
E017,EV018,2024-10-15,skipped,mentoring
E017,EV019,2024-11-15,skipped,workshop
E017,EV020,2024-12-15,completed,workshop
E017,EV021,2025-01-15,skipped,workshop
E017,EV022,2025-02-15,skipped,course
E017,EV023,2025-03-15,completed,course
E017,EV024,2025-04-15,skipped,course
E017,EV025,2025-05-15,skipped,mentoring
E017,EV026,2025-06-15,completed,mentoring
E017,EV027,2025-07-15,skipped,mentoring
E017,EV028,2025-08-15,skipped,workshop
E017,EV029,2025-09-15,completed,workshop
E017,EV030,2025-10-15,skipped,workshop
E017,EV031,2025-11-15,skipped,course
E017,EV032,2025-12-15,completed,course
E017,EV033,2026-01-15,skipped,course
E017,EV034,2026-02-15,skipped,mentoring
E017,EV035,2026-03-15,completed,mentoring
E017,EV036,2026-04-15,skipped,mentoring
E017,EV037,2026-05-15,skipped,workshop
E017,EV038,2026-06-15,completed,workshop
E017,EV039,2026-07-15,skipped,workshop
E017,EV040,2026-08-15,skipped,course
E018,EV018,2024-09-15,completed,mentoring
E018,EV019,2024-10-15,skipped,workshop
E018,EV020,2024-11-15,skipped,workshop
E018,EV021,2024-12-15,completed,workshop
E018,EV022,2025-01-15,skipped,course
E018,EV023,2025-02-15,skipped,course
E018,EV024,2025-03-15,completed,course
E018,EV025,2025-04-15,skipped,mentoring
E018,EV026,2025-05-15,skipped,mentoring
E018,EV027,2025-06-15,completed,mentoring
E018,EV028,2025-07-15,skipped,workshop
E018,EV029,2025-08-15,skipped,workshop
E018,EV030,2025-09-15,completed,workshop
E018,EV031,2025-10-15,skipped,course
E018,EV032,2025-11-15,skipped,course
E018,EV033,2025-12-15,completed,course
E018,EV034,2026-01-15,skipped,mentoring
E018,EV035,2026-02-15,skipped,mentoring
E018,EV036,2026-03-15,completed,mentoring
E018,EV037,2026-04-15,skipped,workshop
E018,EV038,2026-05-15,skipped,workshop
E018,EV039,2026-06-15,completed,workshop
E018,EV040,2026-07-15,skipped,course
E018,EV001,2026-08-15,skipped,workshop
E019,EV019,2024-09-15,completed,workshop
E019,EV020,2024-10-15,skipped,workshop
E019,EV021,2024-11-15,skipped,workshop
E019,EV022,2024-12-15,completed,course
E019,EV023,2025-01-15,skipped,course
E019,EV024,2025-02-15,skipped,course
E019,EV025,2025-03-15,completed,mentoring
E019,EV026,2025-04-15,skipped,mentoring
E019,EV027,2025-05-15,skipped,mentoring
E019,EV028,2025-06-15,completed,workshop
E019,EV029,2025-07-15,skipped,workshop
E019,EV030,2025-08-15,skipped,workshop
E019,EV031,2025-09-15,completed,course
E019,EV032,2025-10-15,skipped,course
E019,EV033,2025-11-15,skipped,course
E019,EV034,2025-12-15,completed,mentoring
E019,EV035,2026-01-15,skipped,mentoring
E019,EV036,2026-02-15,skipped,mentoring
E019,EV037,2026-03-15,completed,workshop
E019,EV038,2026-04-15,skipped,workshop
E019,EV039,2026-05-15,skipped,workshop
E019,EV040,2026-06-15,completed,course
E019,EV001,2026-07-15,skipped,workshop
E019,EV002,2026-08-15,skipped,workshop
E020,EV020,2024-09-15,completed,workshop
E020,EV021,2024-10-15,skipped,workshop
E020,EV022,2024-11-15,skipped,course
E020,EV023,2024-12-15,completed,course
E020,EV024,2025-01-15,skipped,course
E020,EV025,2025-02-15,skipped,mentoring
E020,EV026,2025-03-15,completed,mentoring
E020,EV027,2025-04-15,skipped,mentoring
E020,EV028,2025-05-15,skipped,workshop
E020,EV029,2025-06-15,completed,workshop
E020,EV030,2025-07-15,skipped,workshop
E020,EV031,2025-08-15,skipped,course
E020,EV032,2025-09-15,completed,course
E020,EV033,2025-10-15,skipped,course
E020,EV034,2025-11-15,skipped,mentoring
E020,EV035,2025-12-15,completed,mentoring
E020,EV036,2026-01-15,skipped,mentoring
E020,EV037,2026-02-15,skipped,workshop
E020,EV038,2026-03-15,completed,workshop
E020,EV039,2026-04-15,skipped,workshop
E020,EV040,2026-05-15,skipped,course
E020,EV001,2026-06-15,completed,workshop
E020,EV002,2026-07-15,skipped,workshop
E020,EV003,2026-08-15,skipped,workshop
E021,EV021,2024-09-15,completed,workshop
E021,EV022,2024-10-15,skipped,course
E021,EV023,2024-11-15,skipped,course
E021,EV024,2024-12-15,completed,course
E021,EV025,2025-01-15,skipped,mentoring
E021,EV026,2025-02-15,skipped,mentoring
E021,EV027,2025-03-15,completed,mentoring
E021,EV028,2025-04-15,skipped,workshop
E021,EV029,2025-05-15,skipped,workshop
E021,EV030,2025-06-15,completed,workshop
E021,EV031,2025-07-15,skipped,course
E021,EV032,2025-08-15,skipped,course
E021,EV033,2025-09-15,completed,course
E021,EV034,2025-10-15,skipped,mentoring
E021,EV035,2025-11-15,skipped,mentoring
E021,EV036,2025-12-15,completed,mentoring
E021,EV037,2026-01-15,skipped,workshop
E021,EV038,2026-02-15,skipped,workshop
E021,EV039,2026-03-15,completed,workshop
E021,EV040,2026-04-15,skipped,course
E021,EV001,2026-05-15,skipped,workshop
E021,EV002,2026-06-15,completed,workshop
E021,EV003,2026-07-15,skipped,workshop
E021,EV004,2026-08-15,skipped,course
E022,EV022,2024-09-15,completed,course
E022,EV023,2024-10-15,skipped,course
E022,EV024,2024-11-15,skipped,course
E022,EV025,2024-12-15,completed,mentoring
E022,EV026,2025-01-15,skipped,mentoring
E022,EV027,2025-02-15,skipped,mentoring
E022,EV028,2025-03-15,completed,workshop
E022,EV029,2025-04-15,skipped,workshop
E022,EV030,2025-05-15,skipped,workshop
E022,EV031,2025-06-15,completed,course
E022,EV032,2025-07-15,skipped,course
E022,EV033,2025-08-15,skipped,course
E022,EV034,2025-09-15,completed,mentoring
E022,EV035,2025-10-15,skipped,mentoring
E022,EV036,2025-11-15,skipped,mentoring
E022,EV037,2025-12-15,completed,workshop
E022,EV038,2026-01-15,skipped,workshop
E022,EV039,2026-02-15,skipped,workshop
E022,EV040,2026-03-15,completed,course
E022,EV001,2026-04-15,skipped,workshop
E022,EV002,2026-05-15,skipped,workshop
E022,EV003,2026-06-15,completed,workshop
E022,EV004,2026-07-15,skipped,course
E022,EV005,2026-08-15,skipped,course
E023,EV023,2024-09-15,completed,course
E023,EV024,2024-10-15,skipped,course
E023,EV025,2024-11-15,skipped,mentoring
E023,EV026,2024-12-15,completed,mentoring
E023,EV027,2025-01-15,skipped,mentoring
E023,EV028,2025-02-15,skipped,workshop
E023,EV029,2025-03-15,completed,workshop
E023,EV030,2025-04-15,skipped,workshop
E023,EV031,2025-05-15,skipped,course
E023,EV032,2025-06-15,completed,course
E023,EV033,2025-07-15,skipped,course
E023,EV034,2025-08-15,skipped,mentoring
E023,EV035,2025-09-15,completed,mentoring
E023,EV036,2025-10-15,skipped,mentoring
E023,EV037,2025-11-15,skipped,workshop
E023,EV038,2025-12-15,completed,workshop
E023,EV039,2026-01-15,skipped,workshop
E023,EV040,2026-02-15,skipped,course
E023,EV001,2026-03-15,completed,workshop
E023,EV002,2026-04-15,skipped,workshop
E023,EV003,2026-05-15,skipped,workshop
E023,EV004,2026-06-15,completed,course
E023,EV005,2026-07-15,skipped,course
E023,EV006,2026-08-15,skipped,course
E024,EV024,2024-09-15,completed,course
E024,EV025,2024-10-15,skipped,mentoring
E024,EV026,2024-11-15,skipped,mentoring
E024,EV027,2024-12-15,completed,mentoring
E024,EV028,2025-01-15,skipped,workshop
E024,EV029,2025-02-15,skipped,workshop
E024,EV030,2025-03-15,completed,workshop
E024,EV031,2025-04-15,skipped,course
E024,EV032,2025-05-15,skipped,course
E024,EV033,2025-06-15,completed,course
E024,EV034,2025-07-15,skipped,mentoring
E024,EV035,2025-08-15,skipped,mentoring
E024,EV036,2025-09-15,completed,mentoring
E024,EV037,2025-10-15,skipped,workshop
E024,EV038,2025-11-15,skipped,workshop
E024,EV039,2025-12-15,completed,workshop
E024,EV040,2026-01-15,skipped,course
E024,EV001,2026-02-15,skipped,workshop
E024,EV002,2026-03-15,completed,workshop
E024,EV003,2026-04-15,skipped,workshop
E024,EV004,2026-05-15,skipped,course
E024,EV005,2026-06-15,completed,course
E024,EV006,2026-07-15,skipped,course
E024,EV007,2026-08-15,skipped,mentoring
E025,EV025,2024-09-15,completed,mentoring
E025,EV026,2024-10-15,skipped,mentoring
E025,EV027,2024-11-15,skipped,mentoring
E025,EV028,2024-12-15,completed,workshop
E025,EV029,2025-01-15,skipped,workshop
E025,EV030,2025-02-15,skipped,workshop
E025,EV031,2025-03-15,completed,course
E025,EV032,2025-04-15,skipped,course
E025,EV033,2025-05-15,skipped,course
E025,EV034,2025-06-15,completed,mentoring
E025,EV035,2025-07-15,skipped,mentoring
E025,EV036,2025-08-15,skipped,mentoring
E025,EV037,2025-09-15,completed,workshop
E025,EV038,2025-10-15,skipped,workshop
E025,EV039,2025-11-15,skipped,workshop
E025,EV040,2025-12-15,completed,course
E025,EV001,2026-01-15,skipped,workshop
E025,EV002,2026-02-15,skipped,workshop
E025,EV003,2026-03-15,completed,workshop
E025,EV004,2026-04-15,skipped,course
E025,EV005,2026-05-15,skipped,course
E025,EV006,2026-06-15,completed,course
E025,EV007,2026-07-15,skipped,mentoring
E025,EV008,2026-08-15,skipped,mentoring
E026,EV026,2024-09-15,completed,mentoring
E026,EV027,2024-10-15,skipped,mentoring
E026,EV028,2024-11-15,skipped,workshop
E026,EV029,2024-12-15,completed,workshop
E026,EV030,2025-01-15,skipped,workshop
E026,EV031,2025-02-15,skipped,course
E026,EV032,2025-03-15,completed,course
E026,EV033,2025-04-15,skipped,course
E026,EV034,2025-05-15,skipped,mentoring
E026,EV035,2025-06-15,completed,mentoring
E026,EV036,2025-07-15,skipped,mentoring
E026,EV037,2025-08-15,skipped,workshop
E026,EV038,2025-09-15,completed,workshop
E026,EV039,2025-10-15,skipped,workshop
E026,EV040,2025-11-15,skipped,course
E026,EV001,2025-12-15,completed,workshop
E026,EV002,2026-01-15,skipped,workshop
E026,EV003,2026-02-15,skipped,workshop
E026,EV004,2026-03-15,completed,course
E026,EV005,2026-04-15,skipped,course
E026,EV006,2026-05-15,skipped,course
E026,EV007,2026-06-15,completed,mentoring
E026,EV008,2026-07-15,skipped,mentoring
E026,EV009,2026-08-15,skipped,mentoring
E027,EV027,2024-09-15,completed,mentoring
E027,EV028,2024-10-15,skipped,workshop
E027,EV029,2024-11-15,skipped,workshop
E027,EV030,2024-12-15,completed,workshop
E027,EV031,2025-01-15,skipped,course
E027,EV032,2025-02-15,skipped,course
E027,EV033,2025-03-15,completed,course
E027,EV034,2025-04-15,skipped,mentoring
E027,EV035,2025-05-15,skipped,mentoring
E027,EV036,2025-06-15,completed,mentoring
E027,EV037,2025-07-15,skipped,workshop
E027,EV038,2025-08-15,skipped,workshop
E027,EV039,2025-09-15,completed,workshop
E027,EV040,2025-10-15,skipped,course
E027,EV001,2025-11-15,skipped,workshop
E027,EV002,2025-12-15,completed,workshop
E027,EV003,2026-01-15,skipped,workshop
E027,EV004,2026-02-15,skipped,course
E027,EV005,2026-03-15,completed,course
E027,EV006,2026-04-15,skipped,course
E027,EV007,2026-05-15,skipped,mentoring
E027,EV008,2026-06-15,completed,mentoring
E027,EV009,2026-07-15,skipped,mentoring
E027,EV010,2026-08-15,skipped,workshop
E028,EV028,2024-09-15,completed,workshop
E028,EV029,2024-10-15,skipped,workshop
E028,EV030,2024-11-15,skipped,workshop
E028,EV031,2024-12-15,completed,course
E028,EV032,2025-01-15,skipped,course
E028,EV033,2025-02-15,skipped,course
E028,EV034,2025-03-15,completed,mentoring
E028,EV035,2025-04-15,skipped,mentoring
E028,EV036,2025-05-15,skipped,mentoring
E028,EV037,2025-06-15,completed,workshop
E028,EV038,2025-07-15,skipped,workshop
E028,EV039,2025-08-15,skipped,workshop
E028,EV040,2025-09-15,completed,course
E028,EV001,2025-10-15,skipped,workshop
E028,EV002,2025-11-15,skipped,workshop
E028,EV003,2025-12-15,completed,workshop
E028,EV004,2026-01-15,skipped,course
E028,EV005,2026-02-15,skipped,course
E028,EV006,2026-03-15,completed,course
E028,EV007,2026-04-15,skipped,mentoring
E028,EV008,2026-05-15,skipped,mentoring
E028,EV009,2026-06-15,completed,mentoring
E028,EV010,2026-07-15,skipped,workshop
E028,EV011,2026-08-15,skipped,workshop
E029,EV029,2024-09-15,completed,workshop
E029,EV030,2024-10-15,skipped,workshop
E029,EV031,2024-11-15,skipped,course
E029,EV032,2024-12-15,completed,course
E029,EV033,2025-01-15,skipped,course
E029,EV034,2025-02-15,skipped,mentoring
E029,EV035,2025-03-15,completed,mentoring
E029,EV036,2025-04-15,skipped,mentoring
E029,EV037,2025-05-15,skipped,workshop
E029,EV038,2025-06-15,completed,workshop
E029,EV039,2025-07-15,skipped,workshop
E029,EV040,2025-08-15,skipped,course
E029,EV001,2025-09-15,completed,workshop
E029,EV002,2025-10-15,skipped,workshop
E029,EV003,2025-11-15,skipped,workshop
E029,EV004,2025-12-15,completed,course
E029,EV005,2026-01-15,skipped,course
E029,EV006,2026-02-15,skipped,course
E029,EV007,2026-03-15,completed,mentoring
E029,EV008,2026-04-15,skipped,mentoring
E029,EV009,2026-05-15,skipped,mentoring
E029,EV010,2026-06-15,completed,workshop
E029,EV011,2026-07-15,skipped,workshop
E029,EV012,2026-08-15,skipped,workshop
E030,EV030,2024-09-15,completed,workshop
E030,EV031,2024-10-15,skipped,course
E030,EV032,2024-11-15,skipped,course
E030,EV033,2024-12-15,completed,course
E030,EV034,2025-01-15,skipped,mentoring
E030,EV035,2025-02-15,skipped,mentoring
E030,EV036,2025-03-15,completed,mentoring
E030,EV037,2025-04-15,skipped,workshop
E030,EV038,2025-05-15,skipped,workshop
E030,EV039,2025-06-15,completed,workshop
E030,EV040,2025-07-15,skipped,course
E030,EV001,2025-08-15,skipped,workshop
E030,EV002,2025-09-15,completed,workshop
E030,EV003,2025-10-15,skipped,workshop
E030,EV004,2025-11-15,skipped,course
E030,EV005,2025-12-15,completed,course
E030,EV006,2026-01-15,skipped,course
E030,EV007,2026-02-15,skipped,mentoring
E030,EV008,2026-03-15,completed,mentoring
E030,EV009,2026-04-15,skipped,mentoring
E030,EV010,2026-05-15,skipped,workshop
E030,EV011,2026-06-15,completed,workshop
E030,EV012,2026-07-15,skipped,workshop
E030,EV013,2026-08-15,skipped,course
E031,EV031,2024-09-15,completed,course
E031,EV032,2024-10-15,skipped,course
E031,EV033,2024-11-15,skipped,course
E031,EV034,2024-12-15,completed,mentoring
E031,EV035,2025-01-15,skipped,mentoring
E031,EV036,2025-02-15,skipped,mentoring
E031,EV037,2025-03-15,completed,workshop
E031,EV038,2025-04-15,skipped,workshop
E031,EV039,2025-05-15,skipped,workshop
E031,EV040,2025-06-15,completed,course
E031,EV001,2025-07-15,skipped,workshop
E031,EV002,2025-08-15,skipped,workshop
E031,EV003,2025-09-15,completed,workshop
E031,EV004,2025-10-15,skipped,course
E031,EV005,2025-11-15,skipped,course
E031,EV006,2025-12-15,completed,course
E031,EV007,2026-01-15,skipped,mentoring
E031,EV008,2026-02-15,skipped,mentoring
E031,EV009,2026-03-15,completed,mentoring
E031,EV010,2026-04-15,skipped,workshop
E031,EV011,2026-05-15,skipped,workshop
E031,EV012,2026-06-15,completed,workshop
E031,EV013,2026-07-15,skipped,course
E031,EV014,2026-08-15,skipped,course
E032,EV032,2024-09-15,completed,course
E032,EV033,2024-10-15,skipped,course
E032,EV034,2024-11-15,skipped,mentoring
E032,EV035,2024-12-15,completed,mentoring
E032,EV036,2025-01-15,skipped,mentoring
E032,EV037,2025-02-15,skipped,workshop
E032,EV038,2025-03-15,completed,workshop
E032,EV039,2025-04-15,skipped,workshop
E032,EV040,2025-05-15,skipped,course
E032,EV001,2025-06-15,completed,workshop
E032,EV002,2025-07-15,skipped,workshop
E032,EV003,2025-08-15,skipped,workshop
E032,EV004,2025-09-15,completed,course
E032,EV005,2025-10-15,skipped,course
E032,EV006,2025-11-15,skipped,course
E032,EV007,2025-12-15,completed,mentoring
E032,EV008,2026-01-15,skipped,mentoring
E032,EV009,2026-02-15,skipped,mentoring
E032,EV010,2026-03-15,completed,workshop
E032,EV011,2026-04-15,skipped,workshop
E032,EV012,2026-05-15,skipped,workshop
E032,EV013,2026-06-15,completed,course
E032,EV014,2026-07-15,skipped,course
E032,EV015,2026-08-15,skipped,course
E033,EV033,2024-09-15,completed,course
E033,EV034,2024-10-15,skipped,mentoring
E033,EV035,2024-11-15,skipped,mentoring
E033,EV036,2024-12-15,completed,mentoring
E033,EV037,2025-01-15,skipped,workshop
E033,EV038,2025-02-15,skipped,workshop
E033,EV039,2025-03-15,completed,workshop
E033,EV040,2025-04-15,skipped,course
E033,EV001,2025-05-15,skipped,workshop
E033,EV002,2025-06-15,completed,workshop
E033,EV003,2025-07-15,skipped,workshop
E033,EV004,2025-08-15,skipped,course
E033,EV005,2025-09-15,completed,course
E033,EV006,2025-10-15,skipped,course
E033,EV007,2025-11-15,skipped,mentoring
E033,EV008,2025-12-15,completed,mentoring
E033,EV009,2026-01-15,skipped,mentoring
E033,EV010,2026-02-15,skipped,workshop
E033,EV011,2026-03-15,completed,workshop
E033,EV012,2026-04-15,skipped,workshop
E033,EV013,2026-05-15,skipped,course
E033,EV014,2026-06-15,completed,course
E033,EV015,2026-07-15,skipped,course
E033,EV016,2026-08-15,skipped,mentoring
E034,EV034,2024-09-15,completed,mentoring
E034,EV035,2024-10-15,skipped,mentoring
E034,EV036,2024-11-15,skipped,mentoring
E034,EV037,2024-12-15,completed,workshop
E034,EV038,2025-01-15,skipped,workshop
E034,EV039,2025-02-15,skipped,workshop
E034,EV040,2025-03-15,completed,course
E034,EV001,2025-04-15,skipped,workshop
E034,EV002,2025-05-15,skipped,workshop
E034,EV003,2025-06-15,completed,workshop
E034,EV004,2025-07-15,skipped,course
E034,EV005,2025-08-15,skipped,course
E034,EV006,2025-09-15,completed,course
E034,EV007,2025-10-15,skipped,mentoring
E034,EV008,2025-11-15,skipped,mentoring
E034,EV009,2025-12-15,completed,mentoring
E034,EV010,2026-01-15,skipped,workshop
E034,EV011,2026-02-15,skipped,workshop
E034,EV012,2026-03-15,completed,workshop
E034,EV013,2026-04-15,skipped,course
E034,EV014,2026-05-15,skipped,course
E034,EV015,2026-06-15,completed,course
E034,EV016,2026-07-15,skipped,mentoring
E034,EV017,2026-08-15,skipped,mentoring
E035,EV035,2024-09-15,completed,mentoring
E035,EV036,2024-10-15,skipped,mentoring
E035,EV037,2024-11-15,skipped,workshop
E035,EV038,2024-12-15,completed,workshop
E035,EV039,2025-01-15,skipped,workshop
E035,EV040,2025-02-15,skipped,course
E035,EV001,2025-03-15,completed,workshop
E035,EV002,2025-04-15,skipped,workshop
E035,EV003,2025-05-15,skipped,workshop
E035,EV004,2025-06-15,completed,course
E035,EV005,2025-07-15,skipped,course
E035,EV006,2025-08-15,skipped,course
E035,EV007,2025-09-15,completed,mentoring
E035,EV008,2025-10-15,skipped,mentoring
E035,EV009,2025-11-15,skipped,mentoring
E035,EV010,2025-12-15,completed,workshop
E035,EV011,2026-01-15,skipped,workshop
E035,EV012,2026-02-15,skipped,workshop
E035,EV013,2026-03-15,completed,course
E035,EV014,2026-04-15,skipped,course
E035,EV015,2026-05-15,skipped,course
E035,EV016,2026-06-15,completed,mentoring
E035,EV017,2026-07-15,skipped,mentoring
E035,EV018,2026-08-15,skipped,mentoring
E036,EV036,2024-09-15,completed,mentoring
E036,EV037,2024-10-15,skipped,workshop
E036,EV038,2024-11-15,skipped,workshop
E036,EV039,2024-12-15,completed,workshop
E036,EV040,2025-01-15,skipped,course
E036,EV001,2025-02-15,skipped,workshop
E036,EV002,2025-03-15,completed,workshop
E036,EV003,2025-04-15,skipped,workshop
E036,EV004,2025-05-15,skipped,course
E036,EV005,2025-06-15,completed,course
E036,EV006,2025-07-15,skipped,course
E036,EV007,2025-08-15,skipped,mentoring
E036,EV008,2025-09-15,completed,mentoring
E036,EV009,2025-10-15,skipped,mentoring
E036,EV010,2025-11-15,skipped,workshop
E036,EV011,2025-12-15,completed,workshop
E036,EV012,2026-01-15,skipped,workshop
E036,EV013,2026-02-15,skipped,course
E036,EV014,2026-03-15,completed,course
E036,EV015,2026-04-15,skipped,course
E036,EV016,2026-05-15,skipped,mentoring
E036,EV017,2026-06-15,completed,mentoring
E036,EV018,2026-07-15,skipped,mentoring
E036,EV019,2026-08-15,skipped,workshop
E037,EV037,2024-09-15,completed,workshop
E037,EV038,2024-10-15,skipped,workshop
E037,EV039,2024-11-15,skipped,workshop
E037,EV040,2024-12-15,completed,course
E037,EV001,2025-01-15,skipped,workshop
E037,EV002,2025-02-15,skipped,workshop
E037,EV003,2025-03-15,completed,workshop
E037,EV004,2025-04-15,skipped,course
E037,EV005,2025-05-15,skipped,course
E037,EV006,2025-06-15,completed,course
E037,EV007,2025-07-15,skipped,mentoring
E037,EV008,2025-08-15,skipped,mentoring
E037,EV009,2025-09-15,completed,mentoring
E037,EV010,2025-10-15,skipped,workshop
E037,EV011,2025-11-15,skipped,workshop
E037,EV012,2025-12-15,completed,workshop
E037,EV013,2026-01-15,skipped,course
E037,EV014,2026-02-15,skipped,course
E037,EV015,2026-03-15,completed,course
E037,EV016,2026-04-15,skipped,mentoring
E037,EV017,2026-05-15,skipped,mentoring
E037,EV018,2026-06-15,completed,mentoring
E037,EV019,2026-07-15,skipped,workshop
E037,EV020,2026-08-15,skipped,workshop
E038,EV038,2024-09-15,completed,workshop
E038,EV039,2024-10-15,skipped,workshop
E038,EV040,2024-11-15,skipped,course
E038,EV001,2024-12-15,completed,workshop
E038,EV002,2025-01-15,skipped,workshop
E038,EV003,2025-02-15,skipped,workshop
E038,EV004,2025-03-15,completed,course
E038,EV005,2025-04-15,skipped,course
E038,EV006,2025-05-15,skipped,course
E038,EV007,2025-06-15,completed,mentoring
E038,EV008,2025-07-15,skipped,mentoring
E038,EV009,2025-08-15,skipped,mentoring
E038,EV010,2025-09-15,completed,workshop
E038,EV011,2025-10-15,skipped,workshop
E038,EV012,2025-11-15,skipped,workshop
E038,EV013,2025-12-15,completed,course
E038,EV014,2026-01-15,skipped,course
E038,EV015,2026-02-15,skipped,course
E038,EV016,2026-03-15,completed,mentoring
E038,EV017,2026-04-15,skipped,mentoring
E038,EV018,2026-05-15,skipped,mentoring
E038,EV019,2026-06-15,completed,workshop
E038,EV020,2026-07-15,skipped,workshop
E038,EV021,2026-08-15,skipped,workshop
E039,EV039,2024-09-15,completed,workshop
E039,EV040,2024-10-15,skipped,course
E039,EV001,2024-11-15,skipped,workshop
E039,EV002,2024-12-15,completed,workshop
E039,EV003,2025-01-15,skipped,workshop
E039,EV004,2025-02-15,skipped,course
E039,EV005,2025-03-15,completed,course
E039,EV006,2025-04-15,skipped,course
E039,EV007,2025-05-15,skipped,mentoring
E039,EV008,2025-06-15,completed,mentoring
E039,EV009,2025-07-15,skipped,mentoring
E039,EV010,2025-08-15,skipped,workshop
E039,EV011,2025-09-15,completed,workshop
E039,EV012,2025-10-15,skipped,workshop
E039,EV013,2025-11-15,skipped,course
E039,EV014,2025-12-15,completed,course
E039,EV015,2026-01-15,skipped,course
E039,EV016,2026-02-15,skipped,mentoring
E039,EV017,2026-03-15,completed,mentoring
E039,EV018,2026-04-15,skipped,mentoring
E039,EV019,2026-05-15,skipped,workshop
E039,EV020,2026-06-15,completed,workshop
E039,EV021,2026-07-15,skipped,workshop
E039,EV022,2026-08-15,skipped,course
E040,EV040,2024-09-15,completed,course
E040,EV001,2024-10-15,skipped,workshop
E040,EV002,2024-11-15,skipped,workshop
E040,EV003,2024-12-15,completed,workshop
E040,EV004,2025-01-15,skipped,course
E040,EV005,2025-02-15,skipped,course
E040,EV006,2025-03-15,completed,course
E040,EV007,2025-04-15,skipped,mentoring
E040,EV008,2025-05-15,skipped,mentoring
E040,EV009,2025-06-15,completed,mentoring
E040,EV010,2025-07-15,skipped,workshop
E040,EV011,2025-08-15,skipped,workshop
E040,EV012,2025-09-15,completed,workshop
E040,EV013,2025-10-15,skipped,course
E040,EV014,2025-11-15,skipped,course
E040,EV015,2025-12-15,completed,course
E040,EV016,2026-01-15,skipped,mentoring
E040,EV017,2026-02-15,skipped,mentoring
E040,EV018,2026-03-15,completed,mentoring
E040,EV019,2026-04-15,skipped,workshop
E040,EV020,2026-05-15,skipped,workshop
E040,EV021,2026-06-15,completed,workshop
E040,EV022,2026-07-15,skipped,course
E040,EV023,2026-08-15,skipped,course
E041,EV001,2024-09-15,completed,workshop
E041,EV002,2024-10-15,skipped,workshop
E041,EV003,2024-11-15,skipped,workshop
E041,EV004,2024-12-15,completed,course
E041,EV005,2025-01-15,skipped,course
E041,EV006,2025-02-15,skipped,course
E041,EV007,2025-03-15,completed,mentoring
E041,EV008,2025-04-15,skipped,mentoring
E041,EV009,2025-05-15,skipped,mentoring
E041,EV010,2025-06-15,completed,workshop
E041,EV011,2025-07-15,skipped,workshop
E041,EV012,2025-08-15,skipped,workshop
E041,EV013,2025-09-15,completed,course
E041,EV014,2025-10-15,skipped,course
E041,EV015,2025-11-15,skipped,course
E041,EV016,2025-12-15,completed,mentoring
E041,EV017,2026-01-15,skipped,mentoring
E041,EV018,2026-02-15,skipped,mentoring
E041,EV019,2026-03-15,completed,workshop
E041,EV020,2026-04-15,skipped,workshop
E041,EV021,2026-05-15,skipped,workshop
E041,EV022,2026-06-15,completed,course
E041,EV023,2026-07-15,skipped,course
E041,EV024,2026-08-15,skipped,course
E042,EV002,2024-09-15,completed,workshop
E042,EV003,2024-10-15,skipped,workshop
E042,EV004,2024-11-15,skipped,course
E042,EV005,2024-12-15,completed,course
E042,EV006,2025-01-15,skipped,course
E042,EV007,2025-02-15,skipped,mentoring
E042,EV008,2025-03-15,completed,mentoring
E042,EV009,2025-04-15,skipped,mentoring
E042,EV010,2025-05-15,skipped,workshop
E042,EV011,2025-06-15,completed,workshop
E042,EV012,2025-07-15,skipped,workshop
E042,EV013,2025-08-15,skipped,course
E042,EV014,2025-09-15,completed,course
E042,EV015,2025-10-15,skipped,course
E042,EV016,2025-11-15,skipped,mentoring
E042,EV017,2025-12-15,completed,mentoring
E042,EV018,2026-01-15,skipped,mentoring
E042,EV019,2026-02-15,skipped,workshop
E042,EV020,2026-03-15,completed,workshop
E042,EV021,2026-04-15,skipped,workshop
E042,EV022,2026-05-15,skipped,course
E042,EV023,2026-06-15,completed,course
E042,EV024,2026-07-15,skipped,course
E042,EV025,2026-08-15,skipped,mentoring
E043,EV003,2024-09-15,completed,workshop
E043,EV004,2024-10-15,skipped,course
E043,EV005,2024-11-15,skipped,course
E043,EV006,2024-12-15,completed,course
E043,EV007,2025-01-15,skipped,mentoring
E043,EV008,2025-02-15,skipped,mentoring
E043,EV009,2025-03-15,completed,mentoring
E043,EV010,2025-04-15,skipped,workshop
E043,EV011,2025-05-15,skipped,workshop
E043,EV012,2025-06-15,completed,workshop
E043,EV013,2025-07-15,skipped,course
E043,EV014,2025-08-15,skipped,course
E043,EV015,2025-09-15,completed,course
E043,EV016,2025-10-15,skipped,mentoring
E043,EV017,2025-11-15,skipped,mentoring
E043,EV018,2025-12-15,completed,mentoring
E043,EV019,2026-01-15,skipped,workshop
E043,EV020,2026-02-15,skipped,workshop
E043,EV021,2026-03-15,completed,workshop
E043,EV022,2026-04-15,skipped,course
E043,EV023,2026-05-15,skipped,course
E043,EV024,2026-06-15,completed,course
E043,EV025,2026-07-15,skipped,mentoring
E043,EV026,2026-08-15,skipped,mentoring
E044,EV004,2024-09-15,completed,course
E044,EV005,2024-10-15,skipped,course
E044,EV006,2024-11-15,skipped,course
E044,EV007,2024-12-15,completed,mentoring
E044,EV008,2025-01-15,skipped,mentoring
E044,EV009,2025-02-15,skipped,mentoring
E044,EV010,2025-03-15,completed,workshop
E044,EV011,2025-04-15,skipped,workshop
E044,EV012,2025-05-15,skipped,workshop
E044,EV013,2025-06-15,completed,course
E044,EV014,2025-07-15,skipped,course
E044,EV015,2025-08-15,skipped,course
E044,EV016,2025-09-15,completed,mentoring
E044,EV017,2025-10-15,skipped,mentoring
E044,EV018,2025-11-15,skipped,mentoring
E044,EV019,2025-12-15,completed,workshop
E044,EV020,2026-01-15,skipped,workshop
E044,EV021,2026-02-15,skipped,workshop
E044,EV022,2026-03-15,completed,course
E044,EV023,2026-04-15,skipped,course
E044,EV024,2026-05-15,skipped,course
E044,EV025,2026-06-15,completed,mentoring
E044,EV026,2026-07-15,skipped,mentoring
E044,EV027,2026-08-15,skipped,mentoring
E045,EV005,2024-09-15,completed,course
E045,EV006,2024-10-15,skipped,course
E045,EV007,2024-11-15,skipped,mentoring
E045,EV008,2024-12-15,completed,mentoring
E045,EV009,2025-01-15,skipped,mentoring
E045,EV010,2025-02-15,skipped,workshop
E045,EV011,2025-03-15,completed,workshop
E045,EV012,2025-04-15,skipped,workshop
E045,EV013,2025-05-15,skipped,course
E045,EV014,2025-06-15,completed,course
E045,EV015,2025-07-15,skipped,course
E045,EV016,2025-08-15,skipped,mentoring
E045,EV017,2025-09-15,completed,mentoring
E045,EV018,2025-10-15,skipped,mentoring
E045,EV019,2025-11-15,skipped,workshop
E045,EV020,2025-12-15,completed,workshop
E045,EV021,2026-01-15,skipped,workshop
E045,EV022,2026-02-15,skipped,course
E045,EV023,2026-03-15,completed,course
E045,EV024,2026-04-15,skipped,course
E045,EV025,2026-05-15,skipped,mentoring
E045,EV026,2026-06-15,completed,mentoring
E045,EV027,2026-07-15,skipped,mentoring
E045,EV028,2026-08-15,skipped,workshop
E046,EV006,2024-09-15,completed,course
E046,EV007,2024-10-15,skipped,mentoring
E046,EV008,2024-11-15,skipped,mentoring
E046,EV009,2024-12-15,completed,mentoring
E046,EV010,2025-01-15,skipped,workshop
E046,EV011,2025-02-15,skipped,workshop
E046,EV012,2025-03-15,completed,workshop
E046,EV013,2025-04-15,skipped,course
E046,EV014,2025-05-15,skipped,course
E046,EV015,2025-06-15,completed,course
E046,EV016,2025-07-15,skipped,mentoring
E046,EV017,2025-08-15,skipped,mentoring
E046,EV018,2025-09-15,completed,mentoring
E046,EV019,2025-10-15,skipped,workshop
E046,EV020,2025-11-15,skipped,workshop
E046,EV021,2025-12-15,completed,workshop
E046,EV022,2026-01-15,skipped,course
E046,EV023,2026-02-15,skipped,course
E046,EV024,2026-03-15,completed,course
E046,EV025,2026-04-15,skipped,mentoring
E046,EV026,2026-05-15,skipped,mentoring
E046,EV027,2026-06-15,completed,mentoring
E046,EV028,2026-07-15,skipped,workshop
E046,EV029,2026-08-15,skipped,workshop
E047,EV007,2024-09-15,completed,mentoring
E047,EV008,2024-10-15,skipped,mentoring
E047,EV009,2024-11-15,skipped,mentoring
E047,EV010,2024-12-15,completed,workshop
E047,EV011,2025-01-15,skipped,workshop
E047,EV012,2025-02-15,skipped,workshop
E047,EV013,2025-03-15,completed,course
E047,EV014,2025-04-15,skipped,course
E047,EV015,2025-05-15,skipped,course
E047,EV016,2025-06-15,completed,mentoring
E047,EV017,2025-07-15,skipped,mentoring
E047,EV018,2025-08-15,skipped,mentoring
E047,EV019,2025-09-15,completed,workshop
E047,EV020,2025-10-15,skipped,workshop
E047,EV021,2025-11-15,skipped,workshop
E047,EV022,2025-12-15,completed,course
E047,EV023,2026-01-15,skipped,course
E047,EV024,2026-02-15,skipped,course
E047,EV025,2026-03-15,completed,mentoring
E047,EV026,2026-04-15,skipped,mentoring
E047,EV027,2026-05-15,skipped,mentoring
E047,EV028,2026-06-15,completed,workshop
E047,EV029,2026-07-15,skipped,workshop
E047,EV030,2026-08-15,skipped,workshop
E048,EV008,2024-09-15,completed,mentoring
E048,EV009,2024-10-15,skipped,mentoring
E048,EV010,2024-11-15,skipped,workshop
E048,EV011,2024-12-15,completed,workshop
E048,EV012,2025-01-15,skipped,workshop
E048,EV013,2025-02-15,skipped,course
E048,EV014,2025-03-15,completed,course
E048,EV015,2025-04-15,skipped,course
E048,EV016,2025-05-15,skipped,mentoring
E048,EV017,2025-06-15,completed,mentoring
E048,EV018,2025-07-15,skipped,mentoring
E048,EV019,2025-08-15,skipped,workshop
E048,EV020,2025-09-15,completed,workshop
E048,EV021,2025-10-15,skipped,workshop
E048,EV022,2025-11-15,skipped,course
E048,EV023,2025-12-15,completed,course
E048,EV024,2026-01-15,skipped,course
E048,EV025,2026-02-15,skipped,mentoring
E048,EV026,2026-03-15,completed,mentoring
E048,EV027,2026-04-15,skipped,mentoring
E048,EV028,2026-05-15,skipped,workshop
E048,EV029,2026-06-15,completed,workshop
E048,EV030,2026-07-15,skipped,workshop
E048,EV031,2026-08-15,skipped,course
E049,EV009,2024-09-15,completed,mentoring
E049,EV010,2024-10-15,skipped,workshop
E049,EV011,2024-11-15,skipped,workshop
E049,EV012,2024-12-15,completed,workshop
E049,EV013,2025-01-15,skipped,course
E049,EV014,2025-02-15,skipped,course
E049,EV015,2025-03-15,completed,course
E049,EV016,2025-04-15,skipped,mentoring
E049,EV017,2025-05-15,skipped,mentoring
E049,EV018,2025-06-15,completed,mentoring
E049,EV019,2025-07-15,skipped,workshop
E049,EV020,2025-08-15,skipped,workshop
E049,EV021,2025-09-15,completed,workshop
E049,EV022,2025-10-15,skipped,course
E049,EV023,2025-11-15,skipped,course
E049,EV024,2025-12-15,completed,course
E049,EV025,2026-01-15,skipped,mentoring
E049,EV026,2026-02-15,skipped,mentoring
E049,EV027,2026-03-15,completed,mentoring
E049,EV028,2026-04-15,skipped,workshop
E049,EV029,2026-05-15,skipped,workshop
E049,EV030,2026-06-15,completed,workshop
E049,EV031,2026-07-15,skipped,course
E049,EV032,2026-08-15,skipped,course
E050,EV010,2024-09-15,completed,workshop
E050,EV011,2024-10-15,skipped,workshop
E050,EV012,2024-11-15,skipped,workshop
E050,EV013,2024-12-15,completed,course
E050,EV014,2025-01-15,skipped,course
E050,EV015,2025-02-15,skipped,course
E050,EV016,2025-03-15,completed,mentoring
E050,EV017,2025-04-15,skipped,mentoring
E050,EV018,2025-05-15,skipped,mentoring
E050,EV019,2025-06-15,completed,workshop
E050,EV020,2025-07-15,skipped,workshop
E050,EV021,2025-08-15,skipped,workshop
E050,EV022,2025-09-15,completed,course
E050,EV023,2025-10-15,skipped,course
E050,EV024,2025-11-15,skipped,course
E050,EV025,2025-12-15,completed,mentoring
E050,EV026,2026-01-15,skipped,mentoring
E050,EV027,2026-02-15,skipped,mentoring
E050,EV028,2026-03-15,completed,workshop
E050,EV029,2026-04-15,skipped,workshop
E050,EV030,2026-05-15,skipped,workshop
E050,EV031,2026-06-15,completed,course
E050,EV032,2026-07-15,skipped,course
E050,EV033,2026-08-15,skipped,course
E051,EV011,2024-09-15,completed,workshop
E051,EV012,2024-10-15,skipped,workshop
E051,EV013,2024-11-15,skipped,course
E051,EV014,2024-12-15,completed,course
E051,EV015,2025-01-15,skipped,course
E051,EV016,2025-02-15,skipped,mentoring
E051,EV017,2025-03-15,completed,mentoring
E051,EV018,2025-04-15,skipped,mentoring
E051,EV019,2025-05-15,skipped,workshop
E051,EV020,2025-06-15,completed,workshop
E051,EV021,2025-07-15,skipped,workshop
E051,EV022,2025-08-15,skipped,course
E051,EV023,2025-09-15,completed,course
E051,EV024,2025-10-15,skipped,course
E051,EV025,2025-11-15,skipped,mentoring
E051,EV026,2025-12-15,completed,mentoring
E051,EV027,2026-01-15,skipped,mentoring
E051,EV028,2026-02-15,skipped,workshop
E051,EV029,2026-03-15,completed,workshop
E051,EV030,2026-04-15,skipped,workshop
E051,EV031,2026-05-15,skipped,course
E051,EV032,2026-06-15,completed,course
E051,EV033,2026-07-15,skipped,course
E051,EV034,2026-08-15,skipped,mentoring
E052,EV012,2024-09-15,completed,workshop
E052,EV013,2024-10-15,skipped,course
E052,EV014,2024-11-15,skipped,course
E052,EV015,2024-12-15,completed,course
E052,EV016,2025-01-15,skipped,mentoring
E052,EV017,2025-02-15,skipped,mentoring
E052,EV018,2025-03-15,completed,mentoring
E052,EV019,2025-04-15,skipped,workshop
E052,EV020,2025-05-15,skipped,workshop
E052,EV021,2025-06-15,completed,workshop
E052,EV022,2025-07-15,skipped,course
E052,EV023,2025-08-15,skipped,course
E052,EV024,2025-09-15,completed,course
E052,EV025,2025-10-15,skipped,mentoring
E052,EV026,2025-11-15,skipped,mentoring
E052,EV027,2025-12-15,completed,mentoring
E052,EV028,2026-01-15,skipped,workshop
E052,EV029,2026-02-15,skipped,workshop
E052,EV030,2026-03-15,completed,workshop
E052,EV031,2026-04-15,skipped,course
E052,EV032,2026-05-15,skipped,course
E052,EV033,2026-06-15,completed,course
E052,EV034,2026-07-15,skipped,mentoring
E052,EV035,2026-08-15,skipped,mentoring
E053,EV013,2024-09-15,completed,course
E053,EV014,2024-10-15,skipped,course
E053,EV015,2024-11-15,skipped,course
E053,EV016,2024-12-15,completed,mentoring
E053,EV017,2025-01-15,skipped,mentoring
E053,EV018,2025-02-15,skipped,mentoring
E053,EV019,2025-03-15,completed,workshop
E053,EV020,2025-04-15,skipped,workshop
E053,EV021,2025-05-15,skipped,workshop
E053,EV022,2025-06-15,completed,course
E053,EV023,2025-07-15,skipped,course
E053,EV024,2025-08-15,skipped,course
E053,EV025,2025-09-15,completed,mentoring
E053,EV026,2025-10-15,skipped,mentoring
E053,EV027,2025-11-15,skipped,mentoring
E053,EV028,2025-12-15,completed,workshop
E053,EV029,2026-01-15,skipped,workshop
E053,EV030,2026-02-15,skipped,workshop
E053,EV031,2026-03-15,completed,course
E053,EV032,2026-04-15,skipped,course
E053,EV033,2026-05-15,skipped,course
E053,EV034,2026-06-15,completed,mentoring
E053,EV035,2026-07-15,skipped,mentoring
E053,EV036,2026-08-15,skipped,mentoring
E054,EV014,2024-09-15,completed,course
E054,EV015,2024-10-15,skipped,course
E054,EV016,2024-11-15,skipped,mentoring
E054,EV017,2024-12-15,completed,mentoring
E054,EV018,2025-01-15,skipped,mentoring
E054,EV019,2025-02-15,skipped,workshop
E054,EV020,2025-03-15,completed,workshop
E054,EV021,2025-04-15,skipped,workshop
E054,EV022,2025-05-15,skipped,course
E054,EV023,2025-06-15,completed,course
E054,EV024,2025-07-15,skipped,course
E054,EV025,2025-08-15,skipped,mentoring
E054,EV026,2025-09-15,completed,mentoring
E054,EV027,2025-10-15,skipped,mentoring
E054,EV028,2025-11-15,skipped,workshop
E054,EV029,2025-12-15,completed,workshop
E054,EV030,2026-01-15,skipped,workshop
E054,EV031,2026-02-15,skipped,course
E054,EV032,2026-03-15,completed,course
E054,EV033,2026-04-15,skipped,course
E054,EV034,2026-05-15,skipped,mentoring
E054,EV035,2026-06-15,completed,mentoring
E054,EV036,2026-07-15,skipped,mentoring
E054,EV037,2026-08-15,skipped,workshop
E055,EV015,2024-09-15,completed,course
E055,EV016,2024-10-15,skipped,mentoring
E055,EV017,2024-11-15,skipped,mentoring
E055,EV018,2024-12-15,completed,mentoring
E055,EV019,2025-01-15,skipped,workshop
E055,EV020,2025-02-15,skipped,workshop
E055,EV021,2025-03-15,completed,workshop
E055,EV022,2025-04-15,skipped,course
E055,EV023,2025-05-15,skipped,course
E055,EV024,2025-06-15,completed,course
E055,EV025,2025-07-15,skipped,mentoring
E055,EV026,2025-08-15,skipped,mentoring
E055,EV027,2025-09-15,completed,mentoring
E055,EV028,2025-10-15,skipped,workshop
E055,EV029,2025-11-15,skipped,workshop
E055,EV030,2025-12-15,completed,workshop
E055,EV031,2026-01-15,skipped,course
E055,EV032,2026-02-15,skipped,course
E055,EV033,2026-03-15,completed,course
E055,EV034,2026-04-15,skipped,mentoring
E055,EV035,2026-05-15,skipped,mentoring
E055,EV036,2026-06-15,completed,mentoring
E055,EV037,2026-07-15,skipped,workshop
E055,EV038,2026-08-15,skipped,workshop
E056,EV016,2024-09-15,completed,mentoring
E056,EV017,2024-10-15,skipped,mentoring
E056,EV018,2024-11-15,skipped,mentoring
E056,EV019,2024-12-15,completed,workshop
E056,EV020,2025-01-15,skipped,workshop
E056,EV021,2025-02-15,skipped,workshop
E056,EV022,2025-03-15,completed,course
E056,EV023,2025-04-15,skipped,course
E056,EV024,2025-05-15,skipped,course
E056,EV025,2025-06-15,completed,mentoring
E056,EV026,2025-07-15,skipped,mentoring
E056,EV027,2025-08-15,skipped,mentoring
E056,EV028,2025-09-15,completed,workshop
E056,EV029,2025-10-15,skipped,workshop
E056,EV030,2025-11-15,skipped,workshop
E056,EV031,2025-12-15,completed,course
E056,EV032,2026-01-15,skipped,course
E056,EV033,2026-02-15,skipped,course
E056,EV034,2026-03-15,completed,mentoring
E056,EV035,2026-04-15,skipped,mentoring
E056,EV036,2026-05-15,skipped,mentoring
E056,EV037,2026-06-15,completed,workshop
E056,EV038,2026-07-15,skipped,workshop
E056,EV039,2026-08-15,skipped,workshop
E057,EV017,2024-09-15,completed,mentoring
E057,EV018,2024-10-15,skipped,mentoring
E057,EV019,2024-11-15,skipped,workshop
E057,EV020,2024-12-15,completed,workshop
E057,EV021,2025-01-15,skipped,workshop
E057,EV022,2025-02-15,skipped,course
E057,EV023,2025-03-15,completed,course
E057,EV024,2025-04-15,skipped,course
E057,EV025,2025-05-15,skipped,mentoring
E057,EV026,2025-06-15,completed,mentoring
E057,EV027,2025-07-15,skipped,mentoring
E057,EV028,2025-08-15,skipped,workshop
E057,EV029,2025-09-15,completed,workshop
E057,EV030,2025-10-15,skipped,workshop
E057,EV031,2025-11-15,skipped,course
E057,EV032,2025-12-15,completed,course
E057,EV033,2026-01-15,skipped,course
E057,EV034,2026-02-15,skipped,mentoring
E057,EV035,2026-03-15,completed,mentoring
E057,EV036,2026-04-15,skipped,mentoring
E057,EV037,2026-05-15,skipped,workshop
E057,EV038,2026-06-15,completed,workshop
E057,EV039,2026-07-15,skipped,workshop
E057,EV040,2026-08-15,skipped,course
E058,EV018,2024-09-15,completed,mentoring
E058,EV019,2024-10-15,skipped,workshop
E058,EV020,2024-11-15,skipped,workshop
E058,EV021,2024-12-15,completed,workshop
E058,EV022,2025-01-15,skipped,course
E058,EV023,2025-02-15,skipped,course
E058,EV024,2025-03-15,completed,course
E058,EV025,2025-04-15,skipped,mentoring
E058,EV026,2025-05-15,skipped,mentoring
E058,EV027,2025-06-15,completed,mentoring
E058,EV028,2025-07-15,skipped,workshop
E058,EV029,2025-08-15,skipped,workshop
E058,EV030,2025-09-15,completed,workshop
E058,EV031,2025-10-15,skipped,course
E058,EV032,2025-11-15,skipped,course
E058,EV033,2025-12-15,completed,course
E058,EV034,2026-01-15,skipped,mentoring
E058,EV035,2026-02-15,skipped,mentoring
E058,EV036,2026-03-15,completed,mentoring
E058,EV037,2026-04-15,skipped,workshop
E058,EV038,2026-05-15,skipped,workshop
E058,EV039,2026-06-15,completed,workshop
E058,EV040,2026-07-15,skipped,course
E058,EV001,2026-08-15,skipped,workshop
E059,EV019,2024-09-15,completed,workshop
E059,EV020,2024-10-15,skipped,workshop
E059,EV021,2024-11-15,skipped,workshop
E059,EV022,2024-12-15,completed,course
E059,EV023,2025-01-15,skipped,course
E059,EV024,2025-02-15,skipped,course
E059,EV025,2025-03-15,completed,mentoring
E059,EV026,2025-04-15,skipped,mentoring
E059,EV027,2025-05-15,skipped,mentoring
E059,EV028,2025-06-15,completed,workshop
E059,EV029,2025-07-15,skipped,workshop
E059,EV030,2025-08-15,skipped,workshop
E059,EV031,2025-09-15,completed,course
E059,EV032,2025-10-15,skipped,course
E059,EV033,2025-11-15,skipped,course
E059,EV034,2025-12-15,completed,mentoring
E059,EV035,2026-01-15,skipped,mentoring
E059,EV036,2026-02-15,skipped,mentoring
E059,EV037,2026-03-15,completed,workshop
E059,EV038,2026-04-15,skipped,workshop
E059,EV039,2026-05-15,skipped,workshop
E059,EV040,2026-06-15,completed,course
E059,EV001,2026-07-15,skipped,workshop
E059,EV002,2026-08-15,skipped,workshop
E060,EV020,2024-09-15,completed,workshop
E060,EV021,2024-10-15,skipped,workshop
E060,EV022,2024-11-15,skipped,course
E060,EV023,2024-12-15,completed,course
E060,EV024,2025-01-15,skipped,course
E060,EV025,2025-02-15,skipped,mentoring
E060,EV026,2025-03-15,completed,mentoring
E060,EV027,2025-04-15,skipped,mentoring
E060,EV028,2025-05-15,skipped,workshop
E060,EV029,2025-06-15,completed,workshop
E060,EV030,2025-07-15,skipped,workshop
E060,EV031,2025-08-15,skipped,course
E060,EV032,2025-09-15,completed,course
E060,EV033,2025-10-15,skipped,course
E060,EV034,2025-11-15,skipped,mentoring
E060,EV035,2025-12-15,completed,mentoring
E060,EV036,2026-01-15,skipped,mentoring
E060,EV037,2026-02-15,skipped,workshop
E060,EV038,2026-03-15,completed,workshop
E060,EV039,2026-04-15,skipped,workshop
E060,EV040,2026-05-15,skipped,course
E060,EV001,2026-06-15,completed,workshop
E060,EV002,2026-07-15,skipped,workshop
E060,EV003,2026-08-15,skipped,workshop
E061,EV021,2024-09-15,completed,workshop
E061,EV022,2024-10-15,skipped,course
E061,EV023,2024-11-15,skipped,course
E061,EV024,2024-12-15,completed,course
E061,EV025,2025-01-15,skipped,mentoring
E061,EV026,2025-02-15,skipped,mentoring
E061,EV027,2025-03-15,completed,mentoring
E061,EV028,2025-04-15,skipped,workshop
E061,EV029,2025-05-15,skipped,workshop
E061,EV030,2025-06-15,completed,workshop
E061,EV031,2025-07-15,skipped,course
E061,EV032,2025-08-15,skipped,course
E061,EV033,2025-09-15,completed,course
E061,EV034,2025-10-15,skipped,mentoring
E061,EV035,2025-11-15,skipped,mentoring
E061,EV036,2025-12-15,completed,mentoring
E061,EV037,2026-01-15,skipped,workshop
E061,EV038,2026-02-15,skipped,workshop
E061,EV039,2026-03-15,completed,workshop
E061,EV040,2026-04-15,skipped,course
E061,EV001,2026-05-15,skipped,workshop
E061,EV002,2026-06-15,completed,workshop
E061,EV003,2026-07-15,skipped,workshop
E061,EV004,2026-08-15,skipped,course
E062,EV022,2024-09-15,completed,course
E062,EV023,2024-10-15,skipped,course
E062,EV024,2024-11-15,skipped,course
E062,EV025,2024-12-15,completed,mentoring
E062,EV026,2025-01-15,skipped,mentoring
E062,EV027,2025-02-15,skipped,mentoring
E062,EV028,2025-03-15,completed,workshop
E062,EV029,2025-04-15,skipped,workshop
E062,EV030,2025-05-15,skipped,workshop
E062,EV031,2025-06-15,completed,course
E062,EV032,2025-07-15,skipped,course
E062,EV033,2025-08-15,skipped,course
E062,EV034,2025-09-15,completed,mentoring
E062,EV035,2025-10-15,skipped,mentoring
E062,EV036,2025-11-15,skipped,mentoring
E062,EV037,2025-12-15,completed,workshop
E062,EV038,2026-01-15,skipped,workshop
E062,EV039,2026-02-15,skipped,workshop
E062,EV040,2026-03-15,completed,course
E062,EV001,2026-04-15,skipped,workshop
E062,EV002,2026-05-15,skipped,workshop
E062,EV003,2026-06-15,completed,workshop
E062,EV004,2026-07-15,skipped,course
E062,EV005,2026-08-15,skipped,course
E063,EV023,2024-09-15,completed,course
E063,EV024,2024-10-15,skipped,course
E063,EV025,2024-11-15,skipped,mentoring
E063,EV026,2024-12-15,completed,mentoring
E063,EV027,2025-01-15,skipped,mentoring
E063,EV028,2025-02-15,skipped,workshop
E063,EV029,2025-03-15,completed,workshop
E063,EV030,2025-04-15,skipped,workshop
E063,EV031,2025-05-15,skipped,course
E063,EV032,2025-06-15,completed,course
E063,EV033,2025-07-15,skipped,course
E063,EV034,2025-08-15,skipped,mentoring
E063,EV035,2025-09-15,completed,mentoring
E063,EV036,2025-10-15,skipped,mentoring
E063,EV037,2025-11-15,skipped,workshop
E063,EV038,2025-12-15,completed,workshop
E063,EV039,2026-01-15,skipped,workshop
E063,EV040,2026-02-15,skipped,course
E063,EV001,2026-03-15,completed,workshop
E063,EV002,2026-04-15,skipped,workshop
E063,EV003,2026-05-15,skipped,workshop
E063,EV004,2026-06-15,completed,course
E063,EV005,2026-07-15,skipped,course
E063,EV006,2026-08-15,skipped,course
E064,EV024,2024-09-15,completed,course
E064,EV025,2024-10-15,skipped,mentoring
E064,EV026,2024-11-15,skipped,mentoring
E064,EV027,2024-12-15,completed,mentoring
E064,EV028,2025-01-15,skipped,workshop
E064,EV029,2025-02-15,skipped,workshop
E064,EV030,2025-03-15,completed,workshop
E064,EV031,2025-04-15,skipped,course
E064,EV032,2025-05-15,skipped,course
E064,EV033,2025-06-15,completed,course
E064,EV034,2025-07-15,skipped,mentoring
E064,EV035,2025-08-15,skipped,mentoring
E064,EV036,2025-09-15,completed,mentoring
E064,EV037,2025-10-15,skipped,workshop
E064,EV038,2025-11-15,skipped,workshop
E064,EV039,2025-12-15,completed,workshop
E064,EV040,2026-01-15,skipped,course
E064,EV001,2026-02-15,skipped,workshop
E064,EV002,2026-03-15,completed,workshop
E064,EV003,2026-04-15,skipped,workshop
E064,EV004,2026-05-15,skipped,course
E064,EV005,2026-06-15,completed,course
E064,EV006,2026-07-15,skipped,course
E064,EV007,2026-08-15,skipped,mentoring
E065,EV025,2024-09-15,completed,mentoring
E065,EV026,2024-10-15,skipped,mentoring
E065,EV027,2024-11-15,skipped,mentoring
E065,EV028,2024-12-15,completed,workshop
E065,EV029,2025-01-15,skipped,workshop
E065,EV030,2025-02-15,skipped,workshop
E065,EV031,2025-03-15,completed,course
E065,EV032,2025-04-15,skipped,course
E065,EV033,2025-05-15,skipped,course
E065,EV034,2025-06-15,completed,mentoring
E065,EV035,2025-07-15,skipped,mentoring
E065,EV036,2025-08-15,skipped,mentoring
E065,EV037,2025-09-15,completed,workshop
E065,EV038,2025-10-15,skipped,workshop
E065,EV039,2025-11-15,skipped,workshop
E065,EV040,2025-12-15,completed,course
E065,EV001,2026-01-15,skipped,workshop
E065,EV002,2026-02-15,skipped,workshop
E065,EV003,2026-03-15,completed,workshop
E065,EV004,2026-04-15,skipped,course
E065,EV005,2026-05-15,skipped,course
E065,EV006,2026-06-15,completed,course
E065,EV007,2026-07-15,skipped,mentoring
E065,EV008,2026-08-15,skipped,mentoring
E066,EV026,2024-09-15,completed,mentoring
E066,EV027,2024-10-15,skipped,mentoring
E066,EV028,2024-11-15,skipped,workshop
E066,EV029,2024-12-15,completed,workshop
E066,EV030,2025-01-15,skipped,workshop
E066,EV031,2025-02-15,skipped,course
E066,EV032,2025-03-15,completed,course
E066,EV033,2025-04-15,skipped,course
E066,EV034,2025-05-15,skipped,mentoring
E066,EV035,2025-06-15,completed,mentoring
E066,EV036,2025-07-15,skipped,mentoring
E066,EV037,2025-08-15,skipped,workshop
E066,EV038,2025-09-15,completed,workshop
E066,EV039,2025-10-15,skipped,workshop
E066,EV040,2025-11-15,skipped,course
E066,EV001,2025-12-15,completed,workshop
E066,EV002,2026-01-15,skipped,workshop
E066,EV003,2026-02-15,skipped,workshop
E066,EV004,2026-03-15,completed,course
E066,EV005,2026-04-15,skipped,course
E066,EV006,2026-05-15,skipped,course
E066,EV007,2026-06-15,completed,mentoring
E066,EV008,2026-07-15,skipped,mentoring
E066,EV009,2026-08-15,skipped,mentoring
E067,EV027,2024-09-15,completed,mentoring
E067,EV028,2024-10-15,skipped,workshop
E067,EV029,2024-11-15,skipped,workshop
E067,EV030,2024-12-15,completed,workshop
E067,EV031,2025-01-15,skipped,course
E067,EV032,2025-02-15,skipped,course
E067,EV033,2025-03-15,completed,course
E067,EV034,2025-04-15,skipped,mentoring
E067,EV035,2025-05-15,skipped,mentoring
E067,EV036,2025-06-15,completed,mentoring
E067,EV037,2025-07-15,skipped,workshop
E067,EV038,2025-08-15,skipped,workshop
E067,EV039,2025-09-15,completed,workshop
E067,EV040,2025-10-15,skipped,course
E067,EV001,2025-11-15,skipped,workshop
E067,EV002,2025-12-15,completed,workshop
E067,EV003,2026-01-15,skipped,workshop
E067,EV004,2026-02-15,skipped,course
E067,EV005,2026-03-15,completed,course
E067,EV006,2026-04-15,skipped,course
E067,EV007,2026-05-15,skipped,mentoring
E067,EV008,2026-06-15,completed,mentoring
E067,EV009,2026-07-15,skipped,mentoring
E067,EV010,2026-08-15,skipped,workshop
E068,EV028,2024-09-15,completed,workshop
E068,EV029,2024-10-15,skipped,workshop
E068,EV030,2024-11-15,skipped,workshop
E068,EV031,2024-12-15,completed,course
E068,EV032,2025-01-15,skipped,course
E068,EV033,2025-02-15,skipped,course
E068,EV034,2025-03-15,completed,mentoring
E068,EV035,2025-04-15,skipped,mentoring
E068,EV036,2025-05-15,skipped,mentoring
E068,EV037,2025-06-15,completed,workshop
E068,EV038,2025-07-15,skipped,workshop
E068,EV039,2025-08-15,skipped,workshop
E068,EV040,2025-09-15,completed,course
E068,EV001,2025-10-15,skipped,workshop
E068,EV002,2025-11-15,skipped,workshop
E068,EV003,2025-12-15,completed,workshop
E068,EV004,2026-01-15,skipped,course
E068,EV005,2026-02-15,skipped,course
E068,EV006,2026-03-15,completed,course
E068,EV007,2026-04-15,skipped,mentoring
E068,EV008,2026-05-15,skipped,mentoring
E068,EV009,2026-06-15,completed,mentoring
E068,EV010,2026-07-15,skipped,workshop
E068,EV011,2026-08-15,skipped,workshop
E069,EV029,2024-09-15,completed,workshop
E069,EV030,2024-10-15,skipped,workshop
E069,EV031,2024-11-15,skipped,course
E069,EV032,2024-12-15,completed,course
E069,EV033,2025-01-15,skipped,course
E069,EV034,2025-02-15,skipped,mentoring
E069,EV035,2025-03-15,completed,mentoring
E069,EV036,2025-04-15,skipped,mentoring
E069,EV037,2025-05-15,skipped,workshop
E069,EV038,2025-06-15,completed,workshop
E069,EV039,2025-07-15,skipped,workshop
E069,EV040,2025-08-15,skipped,course
E069,EV001,2025-09-15,completed,workshop
E069,EV002,2025-10-15,skipped,workshop
E069,EV003,2025-11-15,skipped,workshop
E069,EV004,2025-12-15,completed,course
E069,EV005,2026-01-15,skipped,course
E069,EV006,2026-02-15,skipped,course
E069,EV007,2026-03-15,completed,mentoring
E069,EV008,2026-04-15,skipped,mentoring
E069,EV009,2026-05-15,skipped,mentoring
E069,EV010,2026-06-15,completed,workshop
E069,EV011,2026-07-15,skipped,workshop
E069,EV012,2026-08-15,skipped,workshop
E070,EV030,2024-09-15,completed,workshop
E070,EV031,2024-10-15,skipped,course
E070,EV032,2024-11-15,skipped,course
E070,EV033,2024-12-15,completed,course
E070,EV034,2025-01-15,skipped,mentoring
E070,EV035,2025-02-15,skipped,mentoring
E070,EV036,2025-03-15,completed,mentoring
E070,EV037,2025-04-15,skipped,workshop
E070,EV038,2025-05-15,skipped,workshop
E070,EV039,2025-06-15,completed,workshop
E070,EV040,2025-07-15,skipped,course
E070,EV001,2025-08-15,skipped,workshop
E070,EV002,2025-09-15,completed,workshop
E070,EV003,2025-10-15,skipped,workshop
E070,EV004,2025-11-15,skipped,course
E070,EV005,2025-12-15,completed,course
E070,EV006,2026-01-15,skipped,course
E070,EV007,2026-02-15,skipped,mentoring
E070,EV008,2026-03-15,completed,mentoring
E070,EV009,2026-04-15,skipped,mentoring
E070,EV010,2026-05-15,skipped,workshop
E070,EV011,2026-06-15,completed,workshop
E070,EV012,2026-07-15,skipped,workshop
E070,EV013,2026-08-15,skipped,course
E071,EV031,2024-09-15,completed,course
E071,EV032,2024-10-15,skipped,course
E071,EV033,2024-11-15,skipped,course
E071,EV034,2024-12-15,completed,mentoring
E071,EV035,2025-01-15,skipped,mentoring
E071,EV036,2025-02-15,skipped,mentoring
E071,EV037,2025-03-15,completed,workshop
E071,EV038,2025-04-15,skipped,workshop
E071,EV039,2025-05-15,skipped,workshop
E071,EV040,2025-06-15,completed,course
E071,EV001,2025-07-15,skipped,workshop
E071,EV002,2025-08-15,skipped,workshop
E071,EV003,2025-09-15,completed,workshop
E071,EV004,2025-10-15,skipped,course
E071,EV005,2025-11-15,skipped,course
E071,EV006,2025-12-15,completed,course
E071,EV007,2026-01-15,skipped,mentoring
E071,EV008,2026-02-15,skipped,mentoring
E071,EV009,2026-03-15,completed,mentoring
E071,EV010,2026-04-15,skipped,workshop
E071,EV011,2026-05-15,skipped,workshop
E071,EV012,2026-06-15,completed,workshop
E071,EV013,2026-07-15,skipped,course
E071,EV014,2026-08-15,skipped,course
E072,EV032,2024-09-15,completed,course
E072,EV033,2024-10-15,skipped,course
E072,EV034,2024-11-15,skipped,mentoring
E072,EV035,2024-12-15,completed,mentoring
E072,EV036,2025-01-15,skipped,mentoring
E072,EV037,2025-02-15,skipped,workshop
E072,EV038,2025-03-15,completed,workshop
E072,EV039,2025-04-15,skipped,workshop
E072,EV040,2025-05-15,skipped,course
E072,EV001,2025-06-15,completed,workshop
E072,EV002,2025-07-15,skipped,workshop
E072,EV003,2025-08-15,skipped,workshop
E072,EV004,2025-09-15,completed,course
E072,EV005,2025-10-15,skipped,course
E072,EV006,2025-11-15,skipped,course
E072,EV007,2025-12-15,completed,mentoring
E072,EV008,2026-01-15,skipped,mentoring
E072,EV009,2026-02-15,skipped,mentoring
E072,EV010,2026-03-15,completed,workshop
E072,EV011,2026-04-15,skipped,workshop
E072,EV012,2026-05-15,skipped,workshop
E072,EV013,2026-06-15,completed,course
E072,EV014,2026-07-15,skipped,course
E072,EV015,2026-08-15,skipped,course
E073,EV033,2024-09-15,completed,course
E073,EV034,2024-10-15,skipped,mentoring
E073,EV035,2024-11-15,skipped,mentoring
E073,EV036,2024-12-15,completed,mentoring
E073,EV037,2025-01-15,skipped,workshop
E073,EV038,2025-02-15,skipped,workshop
E073,EV039,2025-03-15,completed,workshop
E073,EV040,2025-04-15,skipped,course
E073,EV001,2025-05-15,skipped,workshop
E073,EV002,2025-06-15,completed,workshop
E073,EV003,2025-07-15,skipped,workshop
E073,EV004,2025-08-15,skipped,course
E073,EV005,2025-09-15,completed,course
E073,EV006,2025-10-15,skipped,course
E073,EV007,2025-11-15,skipped,mentoring
E073,EV008,2025-12-15,completed,mentoring
E073,EV009,2026-01-15,skipped,mentoring
E073,EV010,2026-02-15,skipped,workshop
E073,EV011,2026-03-15,completed,workshop
E073,EV012,2026-04-15,skipped,workshop
E073,EV013,2026-05-15,skipped,course
E073,EV014,2026-06-15,completed,course
E073,EV015,2026-07-15,skipped,course
E073,EV016,2026-08-15,skipped,mentoring
E074,EV034,2024-09-15,completed,mentoring
E074,EV035,2024-10-15,skipped,mentoring
E074,EV036,2024-11-15,skipped,mentoring
E074,EV037,2024-12-15,completed,workshop
E074,EV038,2025-01-15,skipped,workshop
E074,EV039,2025-02-15,skipped,workshop
E074,EV040,2025-03-15,completed,course
E074,EV001,2025-04-15,skipped,workshop
E074,EV002,2025-05-15,skipped,workshop
E074,EV003,2025-06-15,completed,workshop
E074,EV004,2025-07-15,skipped,course
E074,EV005,2025-08-15,skipped,course
E074,EV006,2025-09-15,completed,course
E074,EV007,2025-10-15,skipped,mentoring
E074,EV008,2025-11-15,skipped,mentoring
E074,EV009,2025-12-15,completed,mentoring
E074,EV010,2026-01-15,skipped,workshop
E074,EV011,2026-02-15,skipped,workshop
E074,EV012,2026-03-15,completed,workshop
E074,EV013,2026-04-15,skipped,course
E074,EV014,2026-05-15,skipped,course
E074,EV015,2026-06-15,completed,course
E074,EV016,2026-07-15,skipped,mentoring
E074,EV017,2026-08-15,skipped,mentoring
E075,EV035,2024-09-15,completed,mentoring
E075,EV036,2024-10-15,skipped,mentoring
E075,EV037,2024-11-15,skipped,workshop
E075,EV038,2024-12-15,completed,workshop
E075,EV039,2025-01-15,skipped,workshop
E075,EV040,2025-02-15,skipped,course
E075,EV001,2025-03-15,completed,workshop
E075,EV002,2025-04-15,skipped,workshop
E075,EV003,2025-05-15,skipped,workshop
E075,EV004,2025-06-15,completed,course
E075,EV005,2025-07-15,skipped,course
E075,EV006,2025-08-15,skipped,course
E075,EV007,2025-09-15,completed,mentoring
E075,EV008,2025-10-15,skipped,mentoring
E075,EV009,2025-11-15,skipped,mentoring
E075,EV010,2025-12-15,completed,workshop
E075,EV011,2026-01-15,skipped,workshop
E075,EV012,2026-02-15,skipped,workshop
E075,EV013,2026-03-15,completed,course
E075,EV014,2026-04-15,skipped,course
E075,EV015,2026-05-15,skipped,course
E075,EV016,2026-06-15,completed,mentoring
E075,EV017,2026-07-15,skipped,mentoring
E075,EV018,2026-08-15,skipped,mentoring
E076,EV036,2024-09-15,completed,mentoring
E076,EV037,2024-10-15,skipped,workshop
E076,EV038,2024-11-15,skipped,workshop
E076,EV039,2024-12-15,completed,workshop
E076,EV040,2025-01-15,skipped,course
E076,EV001,2025-02-15,skipped,workshop
E076,EV002,2025-03-15,completed,workshop
E076,EV003,2025-04-15,skipped,workshop
E076,EV004,2025-05-15,skipped,course
E076,EV005,2025-06-15,completed,course
E076,EV006,2025-07-15,skipped,course
E076,EV007,2025-08-15,skipped,mentoring
E076,EV008,2025-09-15,completed,mentoring
E076,EV009,2025-10-15,skipped,mentoring
E076,EV010,2025-11-15,skipped,workshop
E076,EV011,2025-12-15,completed,workshop
E076,EV012,2026-01-15,skipped,workshop
E076,EV013,2026-02-15,skipped,course
E076,EV014,2026-03-15,completed,course
E076,EV015,2026-04-15,skipped,course
E076,EV016,2026-05-15,skipped,mentoring
E076,EV017,2026-06-15,completed,mentoring
E076,EV018,2026-07-15,skipped,mentoring
E076,EV019,2026-08-15,skipped,workshop
E077,EV037,2024-09-15,completed,workshop
E077,EV038,2024-10-15,skipped,workshop
E077,EV039,2024-11-15,skipped,workshop
E077,EV040,2024-12-15,completed,course
E077,EV001,2025-01-15,skipped,workshop
E077,EV002,2025-02-15,skipped,workshop
E077,EV003,2025-03-15,completed,workshop
E077,EV004,2025-04-15,skipped,course
E077,EV005,2025-05-15,skipped,course
E077,EV006,2025-06-15,completed,course
E077,EV007,2025-07-15,skipped,mentoring
E077,EV008,2025-08-15,skipped,mentoring
E077,EV009,2025-09-15,completed,mentoring
E077,EV010,2025-10-15,skipped,workshop
E077,EV011,2025-11-15,skipped,workshop
E077,EV012,2025-12-15,completed,workshop
E077,EV013,2026-01-15,skipped,course
E077,EV014,2026-02-15,skipped,course
E077,EV015,2026-03-15,completed,course
E077,EV016,2026-04-15,skipped,mentoring
E077,EV017,2026-05-15,skipped,mentoring
E077,EV018,2026-06-15,completed,mentoring
E077,EV019,2026-07-15,skipped,workshop
E077,EV020,2026-08-15,skipped,workshop
E078,EV038,2024-09-15,completed,workshop
E078,EV039,2024-10-15,skipped,workshop
E078,EV040,2024-11-15,skipped,course
E078,EV001,2024-12-15,completed,workshop
E078,EV002,2025-01-15,skipped,workshop
E078,EV003,2025-02-15,skipped,workshop
E078,EV004,2025-03-15,completed,course
E078,EV005,2025-04-15,skipped,course
E078,EV006,2025-05-15,skipped,course
E078,EV007,2025-06-15,completed,mentoring
E078,EV008,2025-07-15,skipped,mentoring
E078,EV009,2025-08-15,skipped,mentoring
E078,EV010,2025-09-15,completed,workshop
E078,EV011,2025-10-15,skipped,workshop
E078,EV012,2025-11-15,skipped,workshop
E078,EV013,2025-12-15,completed,course
E078,EV014,2026-01-15,skipped,course
E078,EV015,2026-02-15,skipped,course
E078,EV016,2026-03-15,completed,mentoring
E078,EV017,2026-04-15,skipped,mentoring
E078,EV018,2026-05-15,skipped,mentoring
E078,EV019,2026-06-15,completed,workshop
E078,EV020,2026-07-15,skipped,workshop
E078,EV021,2026-08-15,skipped,workshop
E079,EV039,2024-09-15,completed,workshop
E079,EV040,2024-10-15,skipped,course
E079,EV001,2024-11-15,skipped,workshop
E079,EV002,2024-12-15,completed,workshop
E079,EV003,2025-01-15,skipped,workshop
E079,EV004,2025-02-15,skipped,course
E079,EV005,2025-03-15,completed,course
E079,EV006,2025-04-15,skipped,course
E079,EV007,2025-05-15,skipped,mentoring
E079,EV008,2025-06-15,completed,mentoring
E079,EV009,2025-07-15,skipped,mentoring
E079,EV010,2025-08-15,skipped,workshop
E079,EV011,2025-09-15,completed,workshop
E079,EV012,2025-10-15,skipped,workshop
E079,EV013,2025-11-15,skipped,course
E079,EV014,2025-12-15,completed,course
E079,EV015,2026-01-15,skipped,course
E079,EV016,2026-02-15,skipped,mentoring
E079,EV017,2026-03-15,completed,mentoring
E079,EV018,2026-04-15,skipped,mentoring
E079,EV019,2026-05-15,skipped,workshop
E079,EV020,2026-06-15,completed,workshop
E079,EV021,2026-07-15,skipped,workshop
E079,EV022,2026-08-15,skipped,course
E080,EV040,2024-09-15,completed,course
E080,EV001,2024-10-15,skipped,workshop
E080,EV002,2024-11-15,skipped,workshop
E080,EV003,2024-12-15,completed,workshop
E080,EV004,2025-01-15,skipped,course
E080,EV005,2025-02-15,skipped,course
E080,EV006,2025-03-15,completed,course
E080,EV007,2025-04-15,skipped,mentoring
E080,EV008,2025-05-15,skipped,mentoring
E080,EV009,2025-06-15,completed,mentoring
E080,EV010,2025-07-15,skipped,workshop
E080,EV011,2025-08-15,skipped,workshop
E080,EV012,2025-09-15,completed,workshop
E080,EV013,2025-10-15,skipped,course
E080,EV014,2025-11-15,skipped,course
E080,EV015,2025-12-15,completed,course
E080,EV016,2026-01-15,skipped,mentoring
E080,EV017,2026-02-15,skipped,mentoring
E080,EV018,2026-03-15,completed,mentoring
E080,EV019,2026-04-15,skipped,workshop
E080,EV020,2026-05-15,skipped,workshop
E080,EV021,2026-06-15,completed,workshop
E080,EV022,2026-07-15,skipped,course
E080,EV023,2026-08-15,skipped,course
E081,EV001,2024-09-15,completed,workshop
E081,EV002,2024-10-15,skipped,workshop
E081,EV003,2024-11-15,skipped,workshop
E081,EV004,2024-12-15,completed,course
E081,EV005,2025-01-15,skipped,course
E081,EV006,2025-02-15,skipped,course
E081,EV007,2025-03-15,completed,mentoring
E081,EV008,2025-04-15,skipped,mentoring
E081,EV009,2025-05-15,skipped,mentoring
E081,EV010,2025-06-15,completed,workshop
E081,EV011,2025-07-15,skipped,workshop
E081,EV012,2025-08-15,skipped,workshop
E081,EV013,2025-09-15,completed,course
E081,EV014,2025-10-15,skipped,course
E081,EV015,2025-11-15,skipped,course
E081,EV016,2025-12-15,completed,mentoring
E081,EV017,2026-01-15,skipped,mentoring
E081,EV018,2026-02-15,skipped,mentoring
E081,EV019,2026-03-15,completed,workshop
E081,EV020,2026-04-15,skipped,workshop
E081,EV021,2026-05-15,skipped,workshop
E081,EV022,2026-06-15,completed,course
E081,EV023,2026-07-15,skipped,course
E081,EV024,2026-08-15,skipped,course
E082,EV002,2024-09-15,completed,workshop
E082,EV003,2024-10-15,skipped,workshop
E082,EV004,2024-11-15,skipped,course
E082,EV005,2024-12-15,completed,course
E082,EV006,2025-01-15,skipped,course
E082,EV007,2025-02-15,skipped,mentoring
E082,EV008,2025-03-15,completed,mentoring
E082,EV009,2025-04-15,skipped,mentoring
E082,EV010,2025-05-15,skipped,workshop
E082,EV011,2025-06-15,completed,workshop
E082,EV012,2025-07-15,skipped,workshop
E082,EV013,2025-08-15,skipped,course
E082,EV014,2025-09-15,completed,course
E082,EV015,2025-10-15,skipped,course
E082,EV016,2025-11-15,skipped,mentoring
E082,EV017,2025-12-15,completed,mentoring
E082,EV018,2026-01-15,skipped,mentoring
E082,EV019,2026-02-15,skipped,workshop
E082,EV020,2026-03-15,completed,workshop
E082,EV021,2026-04-15,skipped,workshop
E082,EV022,2026-05-15,skipped,course
E082,EV023,2026-06-15,completed,course
E082,EV024,2026-07-15,skipped,course
E082,EV025,2026-08-15,skipped,mentoring
E083,EV003,2024-09-15,completed,workshop
E083,EV004,2024-10-15,skipped,course
E083,EV005,2024-11-15,skipped,course
E083,EV006,2024-12-15,completed,course
E083,EV007,2025-01-15,skipped,mentoring
E083,EV008,2025-02-15,skipped,mentoring
E083,EV009,2025-03-15,completed,mentoring
E083,EV010,2025-04-15,skipped,workshop
E083,EV011,2025-05-15,skipped,workshop
E083,EV012,2025-06-15,completed,workshop
E083,EV013,2025-07-15,skipped,course
E083,EV014,2025-08-15,skipped,course
E083,EV015,2025-09-15,completed,course
E083,EV016,2025-10-15,skipped,mentoring
E083,EV017,2025-11-15,skipped,mentoring
E083,EV018,2025-12-15,completed,mentoring
E083,EV019,2026-01-15,skipped,workshop
E083,EV020,2026-02-15,skipped,workshop
E083,EV021,2026-03-15,completed,workshop
E083,EV022,2026-04-15,skipped,course
E083,EV023,2026-05-15,skipped,course
E083,EV024,2026-06-15,completed,course
E083,EV025,2026-07-15,skipped,mentoring
E083,EV026,2026-08-15,skipped,mentoring
E084,EV004,2024-09-15,completed,course
E084,EV005,2024-10-15,skipped,course
E084,EV006,2024-11-15,skipped,course
E084,EV007,2024-12-15,completed,mentoring
E084,EV008,2025-01-15,skipped,mentoring
E084,EV009,2025-02-15,skipped,mentoring
E084,EV010,2025-03-15,completed,workshop
E084,EV011,2025-04-15,skipped,workshop
E084,EV012,2025-05-15,skipped,workshop
E084,EV013,2025-06-15,completed,course
E084,EV014,2025-07-15,skipped,course
E084,EV015,2025-08-15,skipped,course
E084,EV016,2025-09-15,completed,mentoring
E084,EV017,2025-10-15,skipped,mentoring
E084,EV018,2025-11-15,skipped,mentoring
E084,EV019,2025-12-15,completed,workshop
E084,EV020,2026-01-15,skipped,workshop
E084,EV021,2026-02-15,skipped,workshop
E084,EV022,2026-03-15,completed,course
E084,EV023,2026-04-15,skipped,course
E084,EV024,2026-05-15,skipped,course
E084,EV025,2026-06-15,completed,mentoring
E084,EV026,2026-07-15,skipped,mentoring
E084,EV027,2026-08-15,skipped,mentoring
E085,EV005,2024-09-15,completed,course
E085,EV006,2024-10-15,skipped,course
E085,EV007,2024-11-15,skipped,mentoring
E085,EV008,2024-12-15,completed,mentoring
E085,EV009,2025-01-15,skipped,mentoring
E085,EV010,2025-02-15,skipped,workshop
E085,EV011,2025-03-15,completed,workshop
E085,EV012,2025-04-15,skipped,workshop
E085,EV013,2025-05-15,skipped,course
E085,EV014,2025-06-15,completed,course
E085,EV015,2025-07-15,skipped,course
E085,EV016,2025-08-15,skipped,mentoring
E085,EV017,2025-09-15,completed,mentoring
E085,EV018,2025-10-15,skipped,mentoring
E085,EV019,2025-11-15,skipped,workshop
E085,EV020,2025-12-15,completed,workshop
E085,EV021,2026-01-15,skipped,workshop
E085,EV022,2026-02-15,skipped,course
E085,EV023,2026-03-15,completed,course
E085,EV024,2026-04-15,skipped,course
E085,EV025,2026-05-15,skipped,mentoring
E085,EV026,2026-06-15,completed,mentoring
E085,EV027,2026-07-15,skipped,mentoring
E085,EV028,2026-08-15,skipped,workshop
E086,EV006,2024-09-15,completed,course
E086,EV007,2024-10-15,skipped,mentoring
E086,EV008,2024-11-15,skipped,mentoring
E086,EV009,2024-12-15,completed,mentoring
E086,EV010,2025-01-15,skipped,workshop
E086,EV011,2025-02-15,skipped,workshop
E086,EV012,2025-03-15,completed,workshop
E086,EV013,2025-04-15,skipped,course
E086,EV014,2025-05-15,skipped,course
E086,EV015,2025-06-15,completed,course
E086,EV016,2025-07-15,skipped,mentoring
E086,EV017,2025-08-15,skipped,mentoring
E086,EV018,2025-09-15,completed,mentoring
E086,EV019,2025-10-15,skipped,workshop
E086,EV020,2025-11-15,skipped,workshop
E086,EV021,2025-12-15,completed,workshop
E086,EV022,2026-01-15,skipped,course
E086,EV023,2026-02-15,skipped,course
E086,EV024,2026-03-15,completed,course
E086,EV025,2026-04-15,skipped,mentoring
E086,EV026,2026-05-15,skipped,mentoring
E086,EV027,2026-06-15,completed,mentoring
E086,EV028,2026-07-15,skipped,workshop
E086,EV029,2026-08-15,skipped,workshop
E087,EV007,2024-09-15,completed,mentoring
E087,EV008,2024-10-15,skipped,mentoring
E087,EV009,2024-11-15,skipped,mentoring
E087,EV010,2024-12-15,completed,workshop
E087,EV011,2025-01-15,skipped,workshop
E087,EV012,2025-02-15,skipped,workshop
E087,EV013,2025-03-15,completed,course
E087,EV014,2025-04-15,skipped,course
E087,EV015,2025-05-15,skipped,course
E087,EV016,2025-06-15,completed,mentoring
E087,EV017,2025-07-15,skipped,mentoring
E087,EV018,2025-08-15,skipped,mentoring
E087,EV019,2025-09-15,completed,workshop
E087,EV020,2025-10-15,skipped,workshop
E087,EV021,2025-11-15,skipped,workshop
E087,EV022,2025-12-15,completed,course
E087,EV023,2026-01-15,skipped,course
E087,EV024,2026-02-15,skipped,course
E087,EV025,2026-03-15,completed,mentoring
E087,EV026,2026-04-15,skipped,mentoring
E087,EV027,2026-05-15,skipped,mentoring
E087,EV028,2026-06-15,completed,workshop
E087,EV029,2026-07-15,skipped,workshop
E087,EV030,2026-08-15,skipped,workshop
E088,EV008,2024-09-15,completed,mentoring
E088,EV009,2024-10-15,skipped,mentoring
E088,EV010,2024-11-15,skipped,workshop
E088,EV011,2024-12-15,completed,workshop
E088,EV012,2025-01-15,skipped,workshop
E088,EV013,2025-02-15,skipped,course
E088,EV014,2025-03-15,completed,course
E088,EV015,2025-04-15,skipped,course
E088,EV016,2025-05-15,skipped,mentoring
E088,EV017,2025-06-15,completed,mentoring
E088,EV018,2025-07-15,skipped,mentoring
E088,EV019,2025-08-15,skipped,workshop
E088,EV020,2025-09-15,completed,workshop
E088,EV021,2025-10-15,skipped,workshop
E088,EV022,2025-11-15,skipped,course
E088,EV023,2025-12-15,completed,course
E088,EV024,2026-01-15,skipped,course
E088,EV025,2026-02-15,skipped,mentoring
E088,EV026,2026-03-15,completed,mentoring
E088,EV027,2026-04-15,skipped,mentoring
E088,EV028,2026-05-15,skipped,workshop
E088,EV029,2026-06-15,completed,workshop
E088,EV030,2026-07-15,skipped,workshop
E088,EV031,2026-08-15,skipped,course
E089,EV009,2024-09-15,completed,mentoring
E089,EV010,2024-10-15,skipped,workshop
E089,EV011,2024-11-15,skipped,workshop
E089,EV012,2024-12-15,completed,workshop
E089,EV013,2025-01-15,skipped,course
E089,EV014,2025-02-15,skipped,course
E089,EV015,2025-03-15,completed,course
E089,EV016,2025-04-15,skipped,mentoring
E089,EV017,2025-05-15,skipped,mentoring
E089,EV018,2025-06-15,completed,mentoring
E089,EV019,2025-07-15,skipped,workshop
E089,EV020,2025-08-15,skipped,workshop
E089,EV021,2025-09-15,completed,workshop
E089,EV022,2025-10-15,skipped,course
E089,EV023,2025-11-15,skipped,course
E089,EV024,2025-12-15,completed,course
E089,EV025,2026-01-15,skipped,mentoring
E089,EV026,2026-02-15,skipped,mentoring
E089,EV027,2026-03-15,completed,mentoring
E089,EV028,2026-04-15,skipped,workshop
E089,EV029,2026-05-15,skipped,workshop
E089,EV030,2026-06-15,completed,workshop
E089,EV031,2026-07-15,skipped,course
E089,EV032,2026-08-15,skipped,course
E090,EV010,2024-09-15,completed,workshop
E090,EV011,2024-10-15,skipped,workshop
E090,EV012,2024-11-15,skipped,workshop
E090,EV013,2024-12-15,completed,course
E090,EV014,2025-01-15,skipped,course
E090,EV015,2025-02-15,skipped,course
E090,EV016,2025-03-15,completed,mentoring
E090,EV017,2025-04-15,skipped,mentoring
E090,EV018,2025-05-15,skipped,mentoring
E090,EV019,2025-06-15,completed,workshop
E090,EV020,2025-07-15,skipped,workshop
E090,EV021,2025-08-15,skipped,workshop
E090,EV022,2025-09-15,completed,course
E090,EV023,2025-10-15,skipped,course
E090,EV024,2025-11-15,skipped,course
E090,EV025,2025-12-15,completed,mentoring
E090,EV026,2026-01-15,skipped,mentoring
E090,EV027,2026-02-15,skipped,mentoring
E090,EV028,2026-03-15,completed,workshop
E090,EV029,2026-04-15,skipped,workshop
E090,EV030,2026-05-15,skipped,workshop
E090,EV031,2026-06-15,completed,course
E090,EV032,2026-07-15,skipped,course
E090,EV033,2026-08-15,skipped,course
E091,EV011,2024-09-15,completed,workshop
E091,EV012,2024-10-15,skipped,workshop
E091,EV013,2024-11-15,skipped,course
E091,EV014,2024-12-15,completed,course
E091,EV015,2025-01-15,skipped,course
E091,EV016,2025-02-15,skipped,mentoring
E091,EV017,2025-03-15,completed,mentoring
E091,EV018,2025-04-15,skipped,mentoring
E091,EV019,2025-05-15,skipped,workshop
E091,EV020,2025-06-15,completed,workshop
E091,EV021,2025-07-15,skipped,workshop
E091,EV022,2025-08-15,skipped,course
E091,EV023,2025-09-15,completed,course
E091,EV024,2025-10-15,skipped,course
E091,EV025,2025-11-15,skipped,mentoring
E091,EV026,2025-12-15,completed,mentoring
E091,EV027,2026-01-15,skipped,mentoring
E091,EV028,2026-02-15,skipped,workshop
E091,EV029,2026-03-15,completed,workshop
E091,EV030,2026-04-15,skipped,workshop
E091,EV031,2026-05-15,skipped,course
E091,EV032,2026-06-15,completed,course
E091,EV033,2026-07-15,skipped,course
E091,EV034,2026-08-15,skipped,mentoring
E092,EV012,2024-09-15,completed,workshop
E092,EV013,2024-10-15,skipped,course
E092,EV014,2024-11-15,skipped,course
E092,EV015,2024-12-15,completed,course
E092,EV016,2025-01-15,skipped,mentoring
E092,EV017,2025-02-15,skipped,mentoring
E092,EV018,2025-03-15,completed,mentoring
E092,EV019,2025-04-15,skipped,workshop
E092,EV020,2025-05-15,skipped,workshop
E092,EV021,2025-06-15,completed,workshop
E092,EV022,2025-07-15,skipped,course
E092,EV023,2025-08-15,skipped,course
E092,EV024,2025-09-15,completed,course
E092,EV025,2025-10-15,skipped,mentoring
E092,EV026,2025-11-15,skipped,mentoring
E092,EV027,2025-12-15,completed,mentoring
E092,EV028,2026-01-15,skipped,workshop
E092,EV029,2026-02-15,skipped,workshop
E092,EV030,2026-03-15,completed,workshop
E092,EV031,2026-04-15,skipped,course
E092,EV032,2026-05-15,skipped,course
E092,EV033,2026-06-15,completed,course
E092,EV034,2026-07-15,skipped,mentoring
E092,EV035,2026-08-15,skipped,mentoring
E093,EV013,2024-09-15,completed,course
E093,EV014,2024-10-15,skipped,course
E093,EV015,2024-11-15,skipped,course
E093,EV016,2024-12-15,completed,mentoring
E093,EV017,2025-01-15,skipped,mentoring
E093,EV018,2025-02-15,skipped,mentoring
E093,EV019,2025-03-15,completed,workshop
E093,EV020,2025-04-15,skipped,workshop
E093,EV021,2025-05-15,skipped,workshop
E093,EV022,2025-06-15,completed,course
E093,EV023,2025-07-15,skipped,course
E093,EV024,2025-08-15,skipped,course
E093,EV025,2025-09-15,completed,mentoring
E093,EV026,2025-10-15,skipped,mentoring
E093,EV027,2025-11-15,skipped,mentoring
E093,EV028,2025-12-15,completed,workshop
E093,EV029,2026-01-15,skipped,workshop
E093,EV030,2026-02-15,skipped,workshop
E093,EV031,2026-03-15,completed,course
E093,EV032,2026-04-15,skipped,course
E093,EV033,2026-05-15,skipped,course
E093,EV034,2026-06-15,completed,mentoring
E093,EV035,2026-07-15,skipped,mentoring
E093,EV036,2026-08-15,skipped,mentoring
E094,EV014,2024-09-15,completed,course
E094,EV015,2024-10-15,skipped,course
E094,EV016,2024-11-15,skipped,mentoring
E094,EV017,2024-12-15,completed,mentoring
E094,EV018,2025-01-15,skipped,mentoring
E094,EV019,2025-02-15,skipped,workshop
E094,EV020,2025-03-15,completed,workshop
E094,EV021,2025-04-15,skipped,workshop
E094,EV022,2025-05-15,skipped,course
E094,EV023,2025-06-15,completed,course
E094,EV024,2025-07-15,skipped,course
E094,EV025,2025-08-15,skipped,mentoring
E094,EV026,2025-09-15,completed,mentoring
E094,EV027,2025-10-15,skipped,mentoring
E094,EV028,2025-11-15,skipped,workshop
E094,EV029,2025-12-15,completed,workshop
E094,EV030,2026-01-15,skipped,workshop
E094,EV031,2026-02-15,skipped,course
E094,EV032,2026-03-15,completed,course
E094,EV033,2026-04-15,skipped,course
E094,EV034,2026-05-15,skipped,mentoring
E094,EV035,2026-06-15,completed,mentoring
E094,EV036,2026-07-15,skipped,mentoring
E094,EV037,2026-08-15,skipped,workshop
E095,EV015,2024-09-15,completed,course
E095,EV016,2024-10-15,skipped,mentoring
E095,EV017,2024-11-15,skipped,mentoring
E095,EV018,2024-12-15,completed,mentoring
E095,EV019,2025-01-15,skipped,workshop
E095,EV020,2025-02-15,skipped,workshop
E095,EV021,2025-03-15,completed,workshop
E095,EV022,2025-04-15,skipped,course
E095,EV023,2025-05-15,skipped,course
E095,EV024,2025-06-15,completed,course
E095,EV025,2025-07-15,skipped,mentoring
E095,EV026,2025-08-15,skipped,mentoring
E095,EV027,2025-09-15,completed,mentoring
E095,EV028,2025-10-15,skipped,workshop
E095,EV029,2025-11-15,skipped,workshop
E095,EV030,2025-12-15,completed,workshop
E095,EV031,2026-01-15,skipped,course
E095,EV032,2026-02-15,skipped,course
E095,EV033,2026-03-15,completed,course
E095,EV034,2026-04-15,skipped,mentoring
E095,EV035,2026-05-15,skipped,mentoring
E095,EV036,2026-06-15,completed,mentoring
E095,EV037,2026-07-15,skipped,workshop
E095,EV038,2026-08-15,skipped,workshop
E096,EV016,2024-09-15,completed,mentoring
E096,EV017,2024-10-15,skipped,mentoring
E096,EV018,2024-11-15,skipped,mentoring
E096,EV019,2024-12-15,completed,workshop
E096,EV020,2025-01-15,skipped,workshop
E096,EV021,2025-02-15,skipped,workshop
E096,EV022,2025-03-15,completed,course
E096,EV023,2025-04-15,skipped,course
E096,EV024,2025-05-15,skipped,course
E096,EV025,2025-06-15,completed,mentoring
E096,EV026,2025-07-15,skipped,mentoring
E096,EV027,2025-08-15,skipped,mentoring
E096,EV028,2025-09-15,completed,workshop
E096,EV029,2025-10-15,skipped,workshop
E096,EV030,2025-11-15,skipped,workshop
E096,EV031,2025-12-15,completed,course
E096,EV032,2026-01-15,skipped,course
E096,EV033,2026-02-15,skipped,course
E096,EV034,2026-03-15,completed,mentoring
E096,EV035,2026-04-15,skipped,mentoring
E096,EV036,2026-05-15,skipped,mentoring
E096,EV037,2026-06-15,completed,workshop
E096,EV038,2026-07-15,skipped,workshop
E096,EV039,2026-08-15,skipped,workshop
E097,EV017,2024-09-15,completed,mentoring
E097,EV018,2024-10-15,skipped,mentoring
E097,EV019,2024-11-15,skipped,workshop
E097,EV020,2024-12-15,completed,workshop
E097,EV021,2025-01-15,skipped,workshop
E097,EV022,2025-02-15,skipped,course
E097,EV023,2025-03-15,completed,course
E097,EV024,2025-04-15,skipped,course
E097,EV025,2025-05-15,skipped,mentoring
E097,EV026,2025-06-15,completed,mentoring
E097,EV027,2025-07-15,skipped,mentoring
E097,EV028,2025-08-15,skipped,workshop
E097,EV029,2025-09-15,completed,workshop
E097,EV030,2025-10-15,skipped,workshop
E097,EV031,2025-11-15,skipped,course
E097,EV032,2025-12-15,completed,course
E097,EV033,2026-01-15,skipped,course
E097,EV034,2026-02-15,skipped,mentoring
E097,EV035,2026-03-15,completed,mentoring
E097,EV036,2026-04-15,skipped,mentoring
E097,EV037,2026-05-15,skipped,workshop
E097,EV038,2026-06-15,completed,workshop
E097,EV039,2026-07-15,skipped,workshop
E097,EV040,2026-08-15,skipped,course
E098,EV018,2024-09-15,completed,mentoring
E098,EV019,2024-10-15,skipped,workshop
E098,EV020,2024-11-15,skipped,workshop
E098,EV021,2024-12-15,completed,workshop
E098,EV022,2025-01-15,skipped,course
E098,EV023,2025-02-15,skipped,course
E098,EV024,2025-03-15,completed,course
E098,EV025,2025-04-15,skipped,mentoring
E098,EV026,2025-05-15,skipped,mentoring
E098,EV027,2025-06-15,completed,mentoring
E098,EV028,2025-07-15,skipped,workshop
E098,EV029,2025-08-15,skipped,workshop
E098,EV030,2025-09-15,completed,workshop
E098,EV031,2025-10-15,skipped,course
E098,EV032,2025-11-15,skipped,course
E098,EV033,2025-12-15,completed,course
E098,EV034,2026-01-15,skipped,mentoring
E098,EV035,2026-02-15,skipped,mentoring
E098,EV036,2026-03-15,completed,mentoring
E098,EV037,2026-04-15,skipped,workshop
E098,EV038,2026-05-15,skipped,workshop
E098,EV039,2026-06-15,completed,workshop
E098,EV040,2026-07-15,skipped,course
E098,EV001,2026-08-15,skipped,workshop
E099,EV019,2024-09-15,completed,workshop
E099,EV020,2024-10-15,skipped,workshop
E099,EV021,2024-11-15,skipped,workshop
E099,EV022,2024-12-15,completed,course
E099,EV023,2025-01-15,skipped,course
E099,EV024,2025-02-15,skipped,course
E099,EV025,2025-03-15,completed,mentoring
E099,EV026,2025-04-15,skipped,mentoring
E099,EV027,2025-05-15,skipped,mentoring
E099,EV028,2025-06-15,completed,workshop
E099,EV029,2025-07-15,skipped,workshop
E099,EV030,2025-08-15,skipped,workshop
E099,EV031,2025-09-15,completed,course
E099,EV032,2025-10-15,skipped,course
E099,EV033,2025-11-15,skipped,course
E099,EV034,2025-12-15,completed,mentoring
E099,EV035,2026-01-15,skipped,mentoring
E099,EV036,2026-02-15,skipped,mentoring
E099,EV037,2026-03-15,completed,workshop
E099,EV038,2026-04-15,skipped,workshop
E099,EV039,2026-05-15,skipped,workshop
E099,EV040,2026-06-15,completed,course
E099,EV001,2026-07-15,skipped,workshop
E099,EV002,2026-08-15,skipped,workshop
E100,EV020,2024-09-15,completed,workshop
E100,EV021,2024-10-15,skipped,workshop
E100,EV022,2024-11-15,skipped,course
E100,EV023,2024-12-15,completed,course
E100,EV024,2025-01-15,skipped,course
E100,EV025,2025-02-15,skipped,mentoring
E100,EV026,2025-03-15,completed,mentoring
E100,EV027,2025-04-15,skipped,mentoring
E100,EV028,2025-05-15,skipped,workshop
E100,EV029,2025-06-15,completed,workshop
E100,EV030,2025-07-15,skipped,workshop
E100,EV031,2025-08-15,skipped,course
E100,EV032,2025-09-15,completed,course
E100,EV033,2025-10-15,skipped,course
E100,EV034,2025-11-15,skipped,mentoring
E100,EV035,2025-12-15,completed,mentoring
E100,EV036,2026-01-15,skipped,mentoring
E100,EV037,2026-02-15,skipped,workshop
E100,EV038,2026-03-15,completed,workshop
E100,EV039,2026-04-15,skipped,workshop
E100,EV040,2026-05-15,skipped,course
E100,EV001,2026-06-15,completed,workshop
E100,EV002,2026-07-15,skipped,workshop
E100,EV003,2026-08-15,skipped,workshop
E101,EV021,2024-09-15,completed,workshop
E101,EV022,2024-10-15,skipped,course
E101,EV023,2024-11-15,skipped,course
E101,EV024,2024-12-15,completed,course
E101,EV025,2025-01-15,skipped,mentoring
E101,EV026,2025-02-15,skipped,mentoring
E101,EV027,2025-03-15,completed,mentoring
E101,EV028,2025-04-15,skipped,workshop
E101,EV029,2025-05-15,skipped,workshop
E101,EV030,2025-06-15,completed,workshop
E101,EV031,2025-07-15,skipped,course
E101,EV032,2025-08-15,skipped,course
E101,EV033,2025-09-15,completed,course
E101,EV034,2025-10-15,skipped,mentoring
E101,EV035,2025-11-15,skipped,mentoring
E101,EV036,2025-12-15,completed,mentoring
E101,EV037,2026-01-15,skipped,workshop
E101,EV038,2026-02-15,skipped,workshop
E101,EV039,2026-03-15,completed,workshop
E101,EV040,2026-04-15,skipped,course
E101,EV001,2026-05-15,skipped,workshop
E101,EV002,2026-06-15,completed,workshop
E101,EV003,2026-07-15,skipped,workshop
E101,EV004,2026-08-15,skipped,course
E102,EV022,2024-09-15,completed,course
E102,EV023,2024-10-15,skipped,course
E102,EV024,2024-11-15,skipped,course
E102,EV025,2024-12-15,completed,mentoring
E102,EV026,2025-01-15,skipped,mentoring
E102,EV027,2025-02-15,skipped,mentoring
E102,EV028,2025-03-15,completed,workshop
E102,EV029,2025-04-15,skipped,workshop
E102,EV030,2025-05-15,skipped,workshop
E102,EV031,2025-06-15,completed,course
E102,EV032,2025-07-15,skipped,course
E102,EV033,2025-08-15,skipped,course
E102,EV034,2025-09-15,completed,mentoring
E102,EV035,2025-10-15,skipped,mentoring
E102,EV036,2025-11-15,skipped,mentoring
E102,EV037,2025-12-15,completed,workshop
E102,EV038,2026-01-15,skipped,workshop
E102,EV039,2026-02-15,skipped,workshop
E102,EV040,2026-03-15,completed,course
E102,EV001,2026-04-15,skipped,workshop
E102,EV002,2026-05-15,skipped,workshop
E102,EV003,2026-06-15,completed,workshop
E102,EV004,2026-07-15,skipped,course
E102,EV005,2026-08-15,skipped,course
E103,EV023,2024-09-15,completed,course
E103,EV024,2024-10-15,skipped,course
E103,EV025,2024-11-15,skipped,mentoring
E103,EV026,2024-12-15,completed,mentoring
E103,EV027,2025-01-15,skipped,mentoring
E103,EV028,2025-02-15,skipped,workshop
E103,EV029,2025-03-15,completed,workshop
E103,EV030,2025-04-15,skipped,workshop
E103,EV031,2025-05-15,skipped,course
E103,EV032,2025-06-15,completed,course
E103,EV033,2025-07-15,skipped,course
E103,EV034,2025-08-15,skipped,mentoring
E103,EV035,2025-09-15,completed,mentoring
E103,EV036,2025-10-15,skipped,mentoring
E103,EV037,2025-11-15,skipped,workshop
E103,EV038,2025-12-15,completed,workshop
E103,EV039,2026-01-15,skipped,workshop
E103,EV040,2026-02-15,skipped,course
E103,EV001,2026-03-15,completed,workshop
E103,EV002,2026-04-15,skipped,workshop
E103,EV003,2026-05-15,skipped,workshop
E103,EV004,2026-06-15,completed,course
E103,EV005,2026-07-15,skipped,course
E103,EV006,2026-08-15,skipped,course
E104,EV024,2024-09-15,completed,course
E104,EV025,2024-10-15,skipped,mentoring
E104,EV026,2024-11-15,skipped,mentoring
E104,EV027,2024-12-15,completed,mentoring
E104,EV028,2025-01-15,skipped,workshop
E104,EV029,2025-02-15,skipped,workshop
E104,EV030,2025-03-15,completed,workshop
E104,EV031,2025-04-15,skipped,course
E104,EV032,2025-05-15,skipped,course
E104,EV033,2025-06-15,completed,course
E104,EV034,2025-07-15,skipped,mentoring
E104,EV035,2025-08-15,skipped,mentoring
E104,EV036,2025-09-15,completed,mentoring
E104,EV037,2025-10-15,skipped,workshop
E104,EV038,2025-11-15,skipped,workshop
E104,EV039,2025-12-15,completed,workshop
E104,EV040,2026-01-15,skipped,course
E104,EV001,2026-02-15,skipped,workshop
E104,EV002,2026-03-15,completed,workshop
E104,EV003,2026-04-15,skipped,workshop
E104,EV004,2026-05-15,skipped,course
E104,EV005,2026-06-15,completed,course
E104,EV006,2026-07-15,skipped,course
E104,EV007,2026-08-15,skipped,mentoring
E105,EV025,2024-09-15,completed,mentoring
E105,EV026,2024-10-15,skipped,mentoring
E105,EV027,2024-11-15,skipped,mentoring
E105,EV028,2024-12-15,completed,workshop
E105,EV029,2025-01-15,skipped,workshop
E105,EV030,2025-02-15,skipped,workshop
E105,EV031,2025-03-15,completed,course
E105,EV032,2025-04-15,skipped,course
E105,EV033,2025-05-15,skipped,course
E105,EV034,2025-06-15,completed,mentoring
E105,EV035,2025-07-15,skipped,mentoring
E105,EV036,2025-08-15,skipped,mentoring
E105,EV037,2025-09-15,completed,workshop
E105,EV038,2025-10-15,skipped,workshop
E105,EV039,2025-11-15,skipped,workshop
E105,EV040,2025-12-15,completed,course
E105,EV001,2026-01-15,skipped,workshop
E105,EV002,2026-02-15,skipped,workshop
E105,EV003,2026-03-15,completed,workshop
E105,EV004,2026-04-15,skipped,course
E105,EV005,2026-05-15,skipped,course
E105,EV006,2026-06-15,completed,course
E105,EV007,2026-07-15,skipped,mentoring
E105,EV008,2026-08-15,skipped,mentoring
E106,EV026,2024-09-15,completed,mentoring
E106,EV027,2024-10-15,skipped,mentoring
E106,EV028,2024-11-15,skipped,workshop
E106,EV029,2024-12-15,completed,workshop
E106,EV030,2025-01-15,skipped,workshop
E106,EV031,2025-02-15,skipped,course
E106,EV032,2025-03-15,completed,course
E106,EV033,2025-04-15,skipped,course
E106,EV034,2025-05-15,skipped,mentoring
E106,EV035,2025-06-15,completed,mentoring
E106,EV036,2025-07-15,skipped,mentoring
E106,EV037,2025-08-15,skipped,workshop
E106,EV038,2025-09-15,completed,workshop
E106,EV039,2025-10-15,skipped,workshop
E106,EV040,2025-11-15,skipped,course
E106,EV001,2025-12-15,completed,workshop
E106,EV002,2026-01-15,skipped,workshop
E106,EV003,2026-02-15,skipped,workshop
E106,EV004,2026-03-15,completed,course
E106,EV005,2026-04-15,skipped,course
E106,EV006,2026-05-15,skipped,course
E106,EV007,2026-06-15,completed,mentoring
E106,EV008,2026-07-15,skipped,mentoring
E106,EV009,2026-08-15,skipped,mentoring
E107,EV027,2024-09-15,completed,mentoring
E107,EV028,2024-10-15,skipped,workshop
E107,EV029,2024-11-15,skipped,workshop
E107,EV030,2024-12-15,completed,workshop
E107,EV031,2025-01-15,skipped,course
E107,EV032,2025-02-15,skipped,course
E107,EV033,2025-03-15,completed,course
E107,EV034,2025-04-15,skipped,mentoring
E107,EV035,2025-05-15,skipped,mentoring
E107,EV036,2025-06-15,completed,mentoring
E107,EV037,2025-07-15,skipped,workshop
E107,EV038,2025-08-15,skipped,workshop
E107,EV039,2025-09-15,completed,workshop
E107,EV040,2025-10-15,skipped,course
E107,EV001,2025-11-15,skipped,workshop
E107,EV002,2025-12-15,completed,workshop
E107,EV003,2026-01-15,skipped,workshop
E107,EV004,2026-02-15,skipped,course
E107,EV005,2026-03-15,completed,course
E107,EV006,2026-04-15,skipped,course
E107,EV007,2026-05-15,skipped,mentoring
E107,EV008,2026-06-15,completed,mentoring
E107,EV009,2026-07-15,skipped,mentoring
E107,EV010,2026-08-15,skipped,workshop
E108,EV028,2024-09-15,completed,workshop
E108,EV029,2024-10-15,skipped,workshop
E108,EV030,2024-11-15,skipped,workshop
E108,EV031,2024-12-15,completed,course
E108,EV032,2025-01-15,skipped,course
E108,EV033,2025-02-15,skipped,course
E108,EV034,2025-03-15,completed,mentoring
E108,EV035,2025-04-15,skipped,mentoring
E108,EV036,2025-05-15,skipped,mentoring
E108,EV037,2025-06-15,completed,workshop
E108,EV038,2025-07-15,skipped,workshop
E108,EV039,2025-08-15,skipped,workshop
E108,EV040,2025-09-15,completed,course
E108,EV001,2025-10-15,skipped,workshop
E108,EV002,2025-11-15,skipped,workshop
E108,EV003,2025-12-15,completed,workshop
E108,EV004,2026-01-15,skipped,course
E108,EV005,2026-02-15,skipped,course
E108,EV006,2026-03-15,completed,course
E108,EV007,2026-04-15,skipped,mentoring
E108,EV008,2026-05-15,skipped,mentoring
E108,EV009,2026-06-15,completed,mentoring
E108,EV010,2026-07-15,skipped,workshop
E108,EV011,2026-08-15,skipped,workshop
E109,EV029,2024-09-15,completed,workshop
E109,EV030,2024-10-15,skipped,workshop
E109,EV031,2024-11-15,skipped,course
E109,EV032,2024-12-15,completed,course
E109,EV033,2025-01-15,skipped,course
E109,EV034,2025-02-15,skipped,mentoring
E109,EV035,2025-03-15,completed,mentoring
E109,EV036,2025-04-15,skipped,mentoring
E109,EV037,2025-05-15,skipped,workshop
E109,EV038,2025-06-15,completed,workshop
E109,EV039,2025-07-15,skipped,workshop
E109,EV040,2025-08-15,skipped,course
E109,EV001,2025-09-15,completed,workshop
E109,EV002,2025-10-15,skipped,workshop
E109,EV003,2025-11-15,skipped,workshop
E109,EV004,2025-12-15,completed,course
E109,EV005,2026-01-15,skipped,course
E109,EV006,2026-02-15,skipped,course
E109,EV007,2026-03-15,completed,mentoring
E109,EV008,2026-04-15,skipped,mentoring
E109,EV009,2026-05-15,skipped,mentoring
E109,EV010,2026-06-15,completed,workshop
E109,EV011,2026-07-15,skipped,workshop
E109,EV012,2026-08-15,skipped,workshop
E110,EV030,2024-09-15,completed,workshop
E110,EV031,2024-10-15,skipped,course
E110,EV032,2024-11-15,skipped,course
E110,EV033,2024-12-15,completed,course
E110,EV034,2025-01-15,skipped,mentoring
E110,EV035,2025-02-15,skipped,mentoring
E110,EV036,2025-03-15,completed,mentoring
E110,EV037,2025-04-15,skipped,workshop
E110,EV038,2025-05-15,skipped,workshop
E110,EV039,2025-06-15,completed,workshop
E110,EV040,2025-07-15,skipped,course
E110,EV001,2025-08-15,skipped,workshop
E110,EV002,2025-09-15,completed,workshop
E110,EV003,2025-10-15,skipped,workshop
E110,EV004,2025-11-15,skipped,course
E110,EV005,2025-12-15,completed,course
E110,EV006,2026-01-15,skipped,course
E110,EV007,2026-02-15,skipped,mentoring
E110,EV008,2026-03-15,completed,mentoring
E110,EV009,2026-04-15,skipped,mentoring
E110,EV010,2026-05-15,skipped,workshop
E110,EV011,2026-06-15,completed,workshop
E110,EV012,2026-07-15,skipped,workshop
E110,EV013,2026-08-15,skipped,course
E111,EV031,2024-09-15,completed,course
E111,EV032,2024-10-15,skipped,course
E111,EV033,2024-11-15,skipped,course
E111,EV034,2024-12-15,completed,mentoring
E111,EV035,2025-01-15,skipped,mentoring
E111,EV036,2025-02-15,skipped,mentoring
E111,EV037,2025-03-15,completed,workshop
E111,EV038,2025-04-15,skipped,workshop
E111,EV039,2025-05-15,skipped,workshop
E111,EV040,2025-06-15,completed,course
E111,EV001,2025-07-15,skipped,workshop
E111,EV002,2025-08-15,skipped,workshop
E111,EV003,2025-09-15,completed,workshop
E111,EV004,2025-10-15,skipped,course
E111,EV005,2025-11-15,skipped,course
E111,EV006,2025-12-15,completed,course
E111,EV007,2026-01-15,skipped,mentoring
E111,EV008,2026-02-15,skipped,mentoring
E111,EV009,2026-03-15,completed,mentoring
E111,EV010,2026-04-15,skipped,workshop
E111,EV011,2026-05-15,skipped,workshop
E111,EV012,2026-06-15,completed,workshop
E111,EV013,2026-07-15,skipped,course
E111,EV014,2026-08-15,skipped,course
E112,EV032,2024-09-15,completed,course
E112,EV033,2024-10-15,skipped,course
E112,EV034,2024-11-15,skipped,mentoring
E112,EV035,2024-12-15,completed,mentoring
E112,EV036,2025-01-15,skipped,mentoring
E112,EV037,2025-02-15,skipped,workshop
E112,EV038,2025-03-15,completed,workshop
E112,EV039,2025-04-15,skipped,workshop
E112,EV040,2025-05-15,skipped,course
E112,EV001,2025-06-15,completed,workshop
E112,EV002,2025-07-15,skipped,workshop
E112,EV003,2025-08-15,skipped,workshop
E112,EV004,2025-09-15,completed,course
E112,EV005,2025-10-15,skipped,course
E112,EV006,2025-11-15,skipped,course
E112,EV007,2025-12-15,completed,mentoring
E112,EV008,2026-01-15,skipped,mentoring
E112,EV009,2026-02-15,skipped,mentoring
E112,EV010,2026-03-15,completed,workshop
E112,EV011,2026-04-15,skipped,workshop
E112,EV012,2026-05-15,skipped,workshop
E112,EV013,2026-06-15,completed,course
E112,EV014,2026-07-15,skipped,course
E112,EV015,2026-08-15,skipped,course
E113,EV033,2024-09-15,completed,course
E113,EV034,2024-10-15,skipped,mentoring
E113,EV035,2024-11-15,skipped,mentoring
E113,EV036,2024-12-15,completed,mentoring
E113,EV037,2025-01-15,skipped,workshop
E113,EV038,2025-02-15,skipped,workshop
E113,EV039,2025-03-15,completed,workshop
E113,EV040,2025-04-15,skipped,course
E113,EV001,2025-05-15,skipped,workshop
E113,EV002,2025-06-15,completed,workshop
E113,EV003,2025-07-15,skipped,workshop
E113,EV004,2025-08-15,skipped,course
E113,EV005,2025-09-15,completed,course
E113,EV006,2025-10-15,skipped,course
E113,EV007,2025-11-15,skipped,mentoring
E113,EV008,2025-12-15,completed,mentoring
E113,EV009,2026-01-15,skipped,mentoring
E113,EV010,2026-02-15,skipped,workshop
E113,EV011,2026-03-15,completed,workshop
E113,EV012,2026-04-15,skipped,workshop
E113,EV013,2026-05-15,skipped,course
E113,EV014,2026-06-15,completed,course
E113,EV015,2026-07-15,skipped,course
E113,EV016,2026-08-15,skipped,mentoring
E114,EV034,2024-09-15,completed,mentoring
E114,EV035,2024-10-15,skipped,mentoring
E114,EV036,2024-11-15,skipped,mentoring
E114,EV037,2024-12-15,completed,workshop
E114,EV038,2025-01-15,skipped,workshop
E114,EV039,2025-02-15,skipped,workshop
E114,EV040,2025-03-15,completed,course
E114,EV001,2025-04-15,skipped,workshop
E114,EV002,2025-05-15,skipped,workshop
E114,EV003,2025-06-15,completed,workshop
E114,EV004,2025-07-15,skipped,course
E114,EV005,2025-08-15,skipped,course
E114,EV006,2025-09-15,completed,course
E114,EV007,2025-10-15,skipped,mentoring
E114,EV008,2025-11-15,skipped,mentoring
E114,EV009,2025-12-15,completed,mentoring
E114,EV010,2026-01-15,skipped,workshop
E114,EV011,2026-02-15,skipped,workshop
E114,EV012,2026-03-15,completed,workshop
E114,EV013,2026-04-15,skipped,course
E114,EV014,2026-05-15,skipped,course
E114,EV015,2026-06-15,completed,course
E114,EV016,2026-07-15,skipped,mentoring
E114,EV017,2026-08-15,skipped,mentoring
E115,EV035,2024-09-15,completed,mentoring
E115,EV036,2024-10-15,skipped,mentoring
E115,EV037,2024-11-15,skipped,workshop
E115,EV038,2024-12-15,completed,workshop
E115,EV039,2025-01-15,skipped,workshop
E115,EV040,2025-02-15,skipped,course
E115,EV001,2025-03-15,completed,workshop
E115,EV002,2025-04-15,skipped,workshop
E115,EV003,2025-05-15,skipped,workshop
E115,EV004,2025-06-15,completed,course
E115,EV005,2025-07-15,skipped,course
E115,EV006,2025-08-15,skipped,course
E115,EV007,2025-09-15,completed,mentoring
E115,EV008,2025-10-15,skipped,mentoring
E115,EV009,2025-11-15,skipped,mentoring
E115,EV010,2025-12-15,completed,workshop
E115,EV011,2026-01-15,skipped,workshop
E115,EV012,2026-02-15,skipped,workshop
E115,EV013,2026-03-15,completed,course
E115,EV014,2026-04-15,skipped,course
E115,EV015,2026-05-15,skipped,course
E115,EV016,2026-06-15,completed,mentoring
E115,EV017,2026-07-15,skipped,mentoring
E115,EV018,2026-08-15,skipped,mentoring
E116,EV036,2024-09-15,completed,mentoring
E116,EV037,2024-10-15,skipped,workshop
E116,EV038,2024-11-15,skipped,workshop
E116,EV039,2024-12-15,completed,workshop
E116,EV040,2025-01-15,skipped,course
E116,EV001,2025-02-15,skipped,workshop
E116,EV002,2025-03-15,completed,workshop
E116,EV003,2025-04-15,skipped,workshop
E116,EV004,2025-05-15,skipped,course
E116,EV005,2025-06-15,completed,course
E116,EV006,2025-07-15,skipped,course
E116,EV007,2025-08-15,skipped,mentoring
E116,EV008,2025-09-15,completed,mentoring
E116,EV009,2025-10-15,skipped,mentoring
E116,EV010,2025-11-15,skipped,workshop
E116,EV011,2025-12-15,completed,workshop
E116,EV012,2026-01-15,skipped,workshop
E116,EV013,2026-02-15,skipped,course
E116,EV014,2026-03-15,completed,course
E116,EV015,2026-04-15,skipped,course
E116,EV016,2026-05-15,skipped,mentoring
E116,EV017,2026-06-15,completed,mentoring
E116,EV018,2026-07-15,skipped,mentoring
E116,EV019,2026-08-15,skipped,workshop
E117,EV037,2024-09-15,completed,workshop
E117,EV038,2024-10-15,skipped,workshop
E117,EV039,2024-11-15,skipped,workshop
E117,EV040,2024-12-15,completed,course
E117,EV001,2025-01-15,skipped,workshop
E117,EV002,2025-02-15,skipped,workshop
E117,EV003,2025-03-15,completed,workshop
E117,EV004,2025-04-15,skipped,course
E117,EV005,2025-05-15,skipped,course
E117,EV006,2025-06-15,completed,course
E117,EV007,2025-07-15,skipped,mentoring
E117,EV008,2025-08-15,skipped,mentoring
E117,EV009,2025-09-15,completed,mentoring
E117,EV010,2025-10-15,skipped,workshop
E117,EV011,2025-11-15,skipped,workshop
E117,EV012,2025-12-15,completed,workshop
E117,EV013,2026-01-15,skipped,course
E117,EV014,2026-02-15,skipped,course
E117,EV015,2026-03-15,completed,course
E117,EV016,2026-04-15,skipped,mentoring
E117,EV017,2026-05-15,skipped,mentoring
E117,EV018,2026-06-15,completed,mentoring
E117,EV019,2026-07-15,skipped,workshop
E117,EV020,2026-08-15,skipped,workshop
E118,EV038,2024-09-15,completed,workshop
E118,EV039,2024-10-15,skipped,workshop
E118,EV040,2024-11-15,skipped,course
E118,EV001,2024-12-15,completed,workshop
E118,EV002,2025-01-15,skipped,workshop
E118,EV003,2025-02-15,skipped,workshop
E118,EV004,2025-03-15,completed,course
E118,EV005,2025-04-15,skipped,course
E118,EV006,2025-05-15,skipped,course
E118,EV007,2025-06-15,completed,mentoring
E118,EV008,2025-07-15,skipped,mentoring
E118,EV009,2025-08-15,skipped,mentoring
E118,EV010,2025-09-15,completed,workshop
E118,EV011,2025-10-15,skipped,workshop
E118,EV012,2025-11-15,skipped,workshop
E118,EV013,2025-12-15,completed,course
E118,EV014,2026-01-15,skipped,course
E118,EV015,2026-02-15,skipped,course
E118,EV016,2026-03-15,completed,mentoring
E118,EV017,2026-04-15,skipped,mentoring
E118,EV018,2026-05-15,skipped,mentoring
E118,EV019,2026-06-15,completed,workshop
E118,EV020,2026-07-15,skipped,workshop
E118,EV021,2026-08-15,skipped,workshop
E119,EV039,2024-09-15,completed,workshop
E119,EV040,2024-10-15,skipped,course
E119,EV001,2024-11-15,skipped,workshop
E119,EV002,2024-12-15,completed,workshop
E119,EV003,2025-01-15,skipped,workshop
E119,EV004,2025-02-15,skipped,course
E119,EV005,2025-03-15,completed,course
E119,EV006,2025-04-15,skipped,course
E119,EV007,2025-05-15,skipped,mentoring
E119,EV008,2025-06-15,completed,mentoring
E119,EV009,2025-07-15,skipped,mentoring
E119,EV010,2025-08-15,skipped,workshop
E119,EV011,2025-09-15,completed,workshop
E119,EV012,2025-10-15,skipped,workshop
E119,EV013,2025-11-15,skipped,course
E119,EV014,2025-12-15,completed,course
E119,EV015,2026-01-15,skipped,course
E119,EV016,2026-02-15,skipped,mentoring
E119,EV017,2026-03-15,completed,mentoring
E119,EV018,2026-04-15,skipped,mentoring
E119,EV019,2026-05-15,skipped,workshop
E119,EV020,2026-06-15,completed,workshop
E119,EV021,2026-07-15,skipped,workshop
E119,EV022,2026-08-15,skipped,course
E120,EV040,2024-09-15,completed,course
E120,EV001,2024-10-15,skipped,workshop
E120,EV002,2024-11-15,skipped,workshop
E120,EV003,2024-12-15,completed,workshop
E120,EV004,2025-01-15,skipped,course
E120,EV005,2025-02-15,skipped,course
E120,EV006,2025-03-15,completed,course
E120,EV007,2025-04-15,skipped,mentoring
E120,EV008,2025-05-15,skipped,mentoring
E120,EV009,2025-06-15,completed,mentoring
E120,EV010,2025-07-15,skipped,workshop
E120,EV011,2025-08-15,skipped,workshop
E120,EV012,2025-09-15,completed,workshop
E120,EV013,2025-10-15,skipped,course
E120,EV014,2025-11-15,skipped,course
E120,EV015,2025-12-15,completed,course
E120,EV016,2026-01-15,skipped,mentoring
E120,EV017,2026-02-15,skipped,mentoring
E120,EV018,2026-03-15,completed,mentoring
E120,EV019,2026-04-15,skipped,workshop
E120,EV020,2026-05-15,skipped,workshop
E120,EV021,2026-06-15,completed,workshop
E120,EV022,2026-07-15,skipped,course
E120,EV023,2026-08-15,skipped,course
E121,EV001,2024-09-15,completed,workshop
E121,EV002,2024-10-15,skipped,workshop
E121,EV003,2024-11-15,skipped,workshop
E121,EV004,2024-12-15,completed,course
E121,EV005,2025-01-15,skipped,course
E121,EV006,2025-02-15,skipped,course
E121,EV007,2025-03-15,completed,mentoring
E121,EV008,2025-04-15,skipped,mentoring
E121,EV009,2025-05-15,skipped,mentoring
E121,EV010,2025-06-15,completed,workshop
E121,EV011,2025-07-15,skipped,workshop
E121,EV012,2025-08-15,skipped,workshop
E121,EV013,2025-09-15,completed,course
E121,EV014,2025-10-15,skipped,course
E121,EV015,2025-11-15,skipped,course
E121,EV016,2025-12-15,completed,mentoring
E121,EV017,2026-01-15,skipped,mentoring
E121,EV018,2026-02-15,skipped,mentoring
E121,EV019,2026-03-15,completed,workshop
E121,EV020,2026-04-15,skipped,workshop
E121,EV021,2026-05-15,skipped,workshop
E121,EV022,2026-06-15,completed,course
E121,EV023,2026-07-15,skipped,course
E121,EV024,2026-08-15,skipped,course
E122,EV002,2024-09-15,completed,workshop
E122,EV003,2024-10-15,skipped,workshop
E122,EV004,2024-11-15,skipped,course
E122,EV005,2024-12-15,completed,course
E122,EV006,2025-01-15,skipped,course
E122,EV007,2025-02-15,skipped,mentoring
E122,EV008,2025-03-15,completed,mentoring
E122,EV009,2025-04-15,skipped,mentoring
E122,EV010,2025-05-15,skipped,workshop
E122,EV011,2025-06-15,completed,workshop
E122,EV012,2025-07-15,skipped,workshop
E122,EV013,2025-08-15,skipped,course
E122,EV014,2025-09-15,completed,course
E122,EV015,2025-10-15,skipped,course
E122,EV016,2025-11-15,skipped,mentoring
E122,EV017,2025-12-15,completed,mentoring
E122,EV018,2026-01-15,skipped,mentoring
E122,EV019,2026-02-15,skipped,workshop
E122,EV020,2026-03-15,completed,workshop
E122,EV021,2026-04-15,skipped,workshop
E122,EV022,2026-05-15,skipped,course
E122,EV023,2026-06-15,completed,course
E122,EV024,2026-07-15,skipped,course
E122,EV025,2026-08-15,skipped,mentoring
E123,EV003,2024-09-15,completed,workshop
E123,EV004,2024-10-15,skipped,course
E123,EV005,2024-11-15,skipped,course
E123,EV006,2024-12-15,completed,course
E123,EV007,2025-01-15,skipped,mentoring
E123,EV008,2025-02-15,skipped,mentoring
E123,EV009,2025-03-15,completed,mentoring
E123,EV010,2025-04-15,skipped,workshop
E123,EV011,2025-05-15,skipped,workshop
E123,EV012,2025-06-15,completed,workshop
E123,EV013,2025-07-15,skipped,course
E123,EV014,2025-08-15,skipped,course
E123,EV015,2025-09-15,completed,course
E123,EV016,2025-10-15,skipped,mentoring
E123,EV017,2025-11-15,skipped,mentoring
E123,EV018,2025-12-15,completed,mentoring
E123,EV019,2026-01-15,skipped,workshop
E123,EV020,2026-02-15,skipped,workshop
E123,EV021,2026-03-15,completed,workshop
E123,EV022,2026-04-15,skipped,course
E123,EV023,2026-05-15,skipped,course
E123,EV024,2026-06-15,completed,course
E123,EV025,2026-07-15,skipped,mentoring
E123,EV026,2026-08-15,skipped,mentoring
E124,EV004,2024-09-15,completed,course
E124,EV005,2024-10-15,skipped,course
E124,EV006,2024-11-15,skipped,course
E124,EV007,2024-12-15,completed,mentoring
E124,EV008,2025-01-15,skipped,mentoring
E124,EV009,2025-02-15,skipped,mentoring
E124,EV010,2025-03-15,completed,workshop
E124,EV011,2025-04-15,skipped,workshop
E124,EV012,2025-05-15,skipped,workshop
E124,EV013,2025-06-15,completed,course
E124,EV014,2025-07-15,skipped,course
E124,EV015,2025-08-15,skipped,course
E124,EV016,2025-09-15,completed,mentoring
E124,EV017,2025-10-15,skipped,mentoring
E124,EV018,2025-11-15,skipped,mentoring
E124,EV019,2025-12-15,completed,workshop
E124,EV020,2026-01-15,skipped,workshop
E124,EV021,2026-02-15,skipped,workshop
E124,EV022,2026-03-15,completed,course
E124,EV023,2026-04-15,skipped,course
E124,EV024,2026-05-15,skipped,course
E124,EV025,2026-06-15,completed,mentoring
E124,EV026,2026-07-15,skipped,mentoring
E124,EV027,2026-08-15,skipped,mentoring
E125,EV005,2024-09-15,completed,course
E125,EV006,2024-10-15,skipped,course
E125,EV007,2024-11-15,skipped,mentoring
E125,EV008,2024-12-15,completed,mentoring
E125,EV009,2025-01-15,skipped,mentoring
E125,EV010,2025-02-15,skipped,workshop
E125,EV011,2025-03-15,completed,workshop
E125,EV012,2025-04-15,skipped,workshop
E125,EV013,2025-05-15,skipped,course
E125,EV014,2025-06-15,completed,course
E125,EV015,2025-07-15,skipped,course
E125,EV016,2025-08-15,skipped,mentoring
E125,EV017,2025-09-15,completed,mentoring
E125,EV018,2025-10-15,skipped,mentoring
E125,EV019,2025-11-15,skipped,workshop
E125,EV020,2025-12-15,completed,workshop
E125,EV021,2026-01-15,skipped,workshop
E125,EV022,2026-02-15,skipped,course
E125,EV023,2026-03-15,completed,course
E125,EV024,2026-04-15,skipped,course
E125,EV025,2026-05-15,skipped,mentoring
E125,EV026,2026-06-15,completed,mentoring
E125,EV027,2026-07-15,skipped,mentoring
E125,EV028,2026-08-15,skipped,workshop
E126,EV006,2024-09-15,completed,course
E126,EV007,2024-10-15,skipped,mentoring
E126,EV008,2024-11-15,skipped,mentoring
E126,EV009,2024-12-15,completed,mentoring
E126,EV010,2025-01-15,skipped,workshop
E126,EV011,2025-02-15,skipped,workshop
E126,EV012,2025-03-15,completed,workshop
E126,EV013,2025-04-15,skipped,course
E126,EV014,2025-05-15,skipped,course
E126,EV015,2025-06-15,completed,course
E126,EV016,2025-07-15,skipped,mentoring
E126,EV017,2025-08-15,skipped,mentoring
E126,EV018,2025-09-15,completed,mentoring
E126,EV019,2025-10-15,skipped,workshop
E126,EV020,2025-11-15,skipped,workshop
E126,EV021,2025-12-15,completed,workshop
E126,EV022,2026-01-15,skipped,course
E126,EV023,2026-02-15,skipped,course
E126,EV024,2026-03-15,completed,course
E126,EV025,2026-04-15,skipped,mentoring
E126,EV026,2026-05-15,skipped,mentoring
E126,EV027,2026-06-15,completed,mentoring
E126,EV028,2026-07-15,skipped,workshop
E126,EV029,2026-08-15,skipped,workshop
E127,EV007,2024-09-15,completed,mentoring
E127,EV008,2024-10-15,skipped,mentoring
E127,EV009,2024-11-15,skipped,mentoring
E127,EV010,2024-12-15,completed,workshop
E127,EV011,2025-01-15,skipped,workshop
E127,EV012,2025-02-15,skipped,workshop
E127,EV013,2025-03-15,completed,course
E127,EV014,2025-04-15,skipped,course
E127,EV015,2025-05-15,skipped,course
E127,EV016,2025-06-15,completed,mentoring
E127,EV017,2025-07-15,skipped,mentoring
E127,EV018,2025-08-15,skipped,mentoring
E127,EV019,2025-09-15,completed,workshop
E127,EV020,2025-10-15,skipped,workshop
E127,EV021,2025-11-15,skipped,workshop
E127,EV022,2025-12-15,completed,course
E127,EV023,2026-01-15,skipped,course
E127,EV024,2026-02-15,skipped,course
E127,EV025,2026-03-15,completed,mentoring
E127,EV026,2026-04-15,skipped,mentoring
E127,EV027,2026-05-15,skipped,mentoring
E127,EV028,2026-06-15,completed,workshop
E127,EV029,2026-07-15,skipped,workshop
E127,EV030,2026-08-15,skipped,workshop
E128,EV008,2024-09-15,completed,mentoring
E128,EV009,2024-10-15,skipped,mentoring
E128,EV010,2024-11-15,skipped,workshop
E128,EV011,2024-12-15,completed,workshop
E128,EV012,2025-01-15,skipped,workshop
E128,EV013,2025-02-15,skipped,course
E128,EV014,2025-03-15,completed,course
E128,EV015,2025-04-15,skipped,course
E128,EV016,2025-05-15,skipped,mentoring
E128,EV017,2025-06-15,completed,mentoring
E128,EV018,2025-07-15,skipped,mentoring
E128,EV019,2025-08-15,skipped,workshop
E128,EV020,2025-09-15,completed,workshop
E128,EV021,2025-10-15,skipped,workshop
E128,EV022,2025-11-15,skipped,course
E128,EV023,2025-12-15,completed,course
E128,EV024,2026-01-15,skipped,course
E128,EV025,2026-02-15,skipped,mentoring
E128,EV026,2026-03-15,completed,mentoring
E128,EV027,2026-04-15,skipped,mentoring
E128,EV028,2026-05-15,skipped,workshop
E128,EV029,2026-06-15,completed,workshop
E128,EV030,2026-07-15,skipped,workshop
E128,EV031,2026-08-15,skipped,course
E129,EV009,2024-09-15,completed,mentoring
E129,EV010,2024-10-15,skipped,workshop
E129,EV011,2024-11-15,skipped,workshop
E129,EV012,2024-12-15,completed,workshop
E129,EV013,2025-01-15,skipped,course
E129,EV014,2025-02-15,skipped,course
E129,EV015,2025-03-15,completed,course
E129,EV016,2025-04-15,skipped,mentoring
E129,EV017,2025-05-15,skipped,mentoring
E129,EV018,2025-06-15,completed,mentoring
E129,EV019,2025-07-15,skipped,workshop
E129,EV020,2025-08-15,skipped,workshop
E129,EV021,2025-09-15,completed,workshop
E129,EV022,2025-10-15,skipped,course
E129,EV023,2025-11-15,skipped,course
E129,EV024,2025-12-15,completed,course
E129,EV025,2026-01-15,skipped,mentoring
E129,EV026,2026-02-15,skipped,mentoring
E129,EV027,2026-03-15,completed,mentoring
E129,EV028,2026-04-15,skipped,workshop
E129,EV029,2026-05-15,skipped,workshop
E129,EV030,2026-06-15,completed,workshop
E129,EV031,2026-07-15,skipped,course
E129,EV032,2026-08-15,skipped,course
E130,EV010,2024-09-15,completed,workshop
E130,EV011,2024-10-15,skipped,workshop
E130,EV012,2024-11-15,skipped,workshop
E130,EV013,2024-12-15,completed,course
E130,EV014,2025-01-15,skipped,course
E130,EV015,2025-02-15,skipped,course
E130,EV016,2025-03-15,completed,mentoring
E130,EV017,2025-04-15,skipped,mentoring
E130,EV018,2025-05-15,skipped,mentoring
E130,EV019,2025-06-15,completed,workshop
E130,EV020,2025-07-15,skipped,workshop
E130,EV021,2025-08-15,skipped,workshop
E130,EV022,2025-09-15,completed,course
E130,EV023,2025-10-15,skipped,course
E130,EV024,2025-11-15,skipped,course
E130,EV025,2025-12-15,completed,mentoring
E130,EV026,2026-01-15,skipped,mentoring
E130,EV027,2026-02-15,skipped,mentoring
E130,EV028,2026-03-15,completed,workshop
E130,EV029,2026-04-15,skipped,workshop
E130,EV030,2026-05-15,skipped,workshop
E130,EV031,2026-06-15,completed,course
E130,EV032,2026-07-15,skipped,course
E130,EV033,2026-08-15,skipped,course
E131,EV011,2024-09-15,completed,workshop
E131,EV012,2024-10-15,skipped,workshop
E131,EV013,2024-11-15,skipped,course
E131,EV014,2024-12-15,completed,course
E131,EV015,2025-01-15,skipped,course
E131,EV016,2025-02-15,skipped,mentoring
E131,EV017,2025-03-15,completed,mentoring
E131,EV018,2025-04-15,skipped,mentoring
E131,EV019,2025-05-15,skipped,workshop
E131,EV020,2025-06-15,completed,workshop
E131,EV021,2025-07-15,skipped,workshop
E131,EV022,2025-08-15,skipped,course
E131,EV023,2025-09-15,completed,course
E131,EV024,2025-10-15,skipped,course
E131,EV025,2025-11-15,skipped,mentoring
E131,EV026,2025-12-15,completed,mentoring
E131,EV027,2026-01-15,skipped,mentoring
E131,EV028,2026-02-15,skipped,workshop
E131,EV029,2026-03-15,completed,workshop
E131,EV030,2026-04-15,skipped,workshop
E131,EV031,2026-05-15,skipped,course
E131,EV032,2026-06-15,completed,course
E131,EV033,2026-07-15,skipped,course
E131,EV034,2026-08-15,skipped,mentoring
E132,EV012,2024-09-15,completed,workshop
E132,EV013,2024-10-15,skipped,course
E132,EV014,2024-11-15,skipped,course
E132,EV015,2024-12-15,completed,course
E132,EV016,2025-01-15,skipped,mentoring
E132,EV017,2025-02-15,skipped,mentoring
E132,EV018,2025-03-15,completed,mentoring
E132,EV019,2025-04-15,skipped,workshop
E132,EV020,2025-05-15,skipped,workshop
E132,EV021,2025-06-15,completed,workshop
E132,EV022,2025-07-15,skipped,course
E132,EV023,2025-08-15,skipped,course
E132,EV024,2025-09-15,completed,course
E132,EV025,2025-10-15,skipped,mentoring
E132,EV026,2025-11-15,skipped,mentoring
E132,EV027,2025-12-15,completed,mentoring
E132,EV028,2026-01-15,skipped,workshop
E132,EV029,2026-02-15,skipped,workshop
E132,EV030,2026-03-15,completed,workshop
E132,EV031,2026-04-15,skipped,course
E132,EV032,2026-05-15,skipped,course
E132,EV033,2026-06-15,completed,course
E132,EV034,2026-07-15,skipped,mentoring
E132,EV035,2026-08-15,skipped,mentoring
E133,EV013,2024-09-15,completed,course
E133,EV014,2024-10-15,skipped,course
E133,EV015,2024-11-15,skipped,course
E133,EV016,2024-12-15,completed,mentoring
E133,EV017,2025-01-15,skipped,mentoring
E133,EV018,2025-02-15,skipped,mentoring
E133,EV019,2025-03-15,completed,workshop
E133,EV020,2025-04-15,skipped,workshop
E133,EV021,2025-05-15,skipped,workshop
E133,EV022,2025-06-15,completed,course
E133,EV023,2025-07-15,skipped,course
E133,EV024,2025-08-15,skipped,course
E133,EV025,2025-09-15,completed,mentoring
E133,EV026,2025-10-15,skipped,mentoring
E133,EV027,2025-11-15,skipped,mentoring
E133,EV028,2025-12-15,completed,workshop
E133,EV029,2026-01-15,skipped,workshop
E133,EV030,2026-02-15,skipped,workshop
E133,EV031,2026-03-15,completed,course
E133,EV032,2026-04-15,skipped,course
E133,EV033,2026-05-15,skipped,course
E133,EV034,2026-06-15,completed,mentoring
E133,EV035,2026-07-15,skipped,mentoring
E133,EV036,2026-08-15,skipped,mentoring
E134,EV014,2024-09-15,completed,course
E134,EV015,2024-10-15,skipped,course
E134,EV016,2024-11-15,skipped,mentoring
E134,EV017,2024-12-15,completed,mentoring
E134,EV018,2025-01-15,skipped,mentoring
E134,EV019,2025-02-15,skipped,workshop
E134,EV020,2025-03-15,completed,workshop
E134,EV021,2025-04-15,skipped,workshop
E134,EV022,2025-05-15,skipped,course
E134,EV023,2025-06-15,completed,course
E134,EV024,2025-07-15,skipped,course
E134,EV025,2025-08-15,skipped,mentoring
E134,EV026,2025-09-15,completed,mentoring
E134,EV027,2025-10-15,skipped,mentoring
E134,EV028,2025-11-15,skipped,workshop
E134,EV029,2025-12-15,completed,workshop
E134,EV030,2026-01-15,skipped,workshop
E134,EV031,2026-02-15,skipped,course
E134,EV032,2026-03-15,completed,course
E134,EV033,2026-04-15,skipped,course
E134,EV034,2026-05-15,skipped,mentoring
E134,EV035,2026-06-15,completed,mentoring
E134,EV036,2026-07-15,skipped,mentoring
E134,EV037,2026-08-15,skipped,workshop
E135,EV015,2024-09-15,completed,course
E135,EV016,2024-10-15,skipped,mentoring
E135,EV017,2024-11-15,skipped,mentoring
E135,EV018,2024-12-15,completed,mentoring
E135,EV019,2025-01-15,skipped,workshop
E135,EV020,2025-02-15,skipped,workshop
E135,EV021,2025-03-15,completed,workshop
E135,EV022,2025-04-15,skipped,course
E135,EV023,2025-05-15,skipped,course
E135,EV024,2025-06-15,completed,course
E135,EV025,2025-07-15,skipped,mentoring
E135,EV026,2025-08-15,skipped,mentoring
E135,EV027,2025-09-15,completed,mentoring
E135,EV028,2025-10-15,skipped,workshop
E135,EV029,2025-11-15,skipped,workshop
E135,EV030,2025-12-15,completed,workshop
E135,EV031,2026-01-15,skipped,course
E135,EV032,2026-02-15,skipped,course
E135,EV033,2026-03-15,completed,course
E135,EV034,2026-04-15,skipped,mentoring
E135,EV035,2026-05-15,skipped,mentoring
E135,EV036,2026-06-15,completed,mentoring
E135,EV037,2026-07-15,skipped,workshop
E135,EV038,2026-08-15,skipped,workshop
E136,EV016,2024-09-15,completed,mentoring
E136,EV017,2024-10-15,skipped,mentoring
E136,EV018,2024-11-15,skipped,mentoring
E136,EV019,2024-12-15,completed,workshop
E136,EV020,2025-01-15,skipped,workshop
E136,EV021,2025-02-15,skipped,workshop
E136,EV022,2025-03-15,completed,course
E136,EV023,2025-04-15,skipped,course
E136,EV024,2025-05-15,skipped,course
E136,EV025,2025-06-15,completed,mentoring
E136,EV026,2025-07-15,skipped,mentoring
E136,EV027,2025-08-15,skipped,mentoring
E136,EV028,2025-09-15,completed,workshop
E136,EV029,2025-10-15,skipped,workshop
E136,EV030,2025-11-15,skipped,workshop
E136,EV031,2025-12-15,completed,course
E136,EV032,2026-01-15,skipped,course
E136,EV033,2026-02-15,skipped,course
E136,EV034,2026-03-15,completed,mentoring
E136,EV035,2026-04-15,skipped,mentoring
E136,EV036,2026-05-15,skipped,mentoring
E136,EV037,2026-06-15,completed,workshop
E136,EV038,2026-07-15,skipped,workshop
E136,EV039,2026-08-15,skipped,workshop
E137,EV017,2024-09-15,completed,mentoring
E137,EV018,2024-10-15,skipped,mentoring
E137,EV019,2024-11-15,skipped,workshop
E137,EV020,2024-12-15,completed,workshop
E137,EV021,2025-01-15,skipped,workshop
E137,EV022,2025-02-15,skipped,course
E137,EV023,2025-03-15,completed,course
E137,EV024,2025-04-15,skipped,course
E137,EV025,2025-05-15,skipped,mentoring
E137,EV026,2025-06-15,completed,mentoring
E137,EV027,2025-07-15,skipped,mentoring
E137,EV028,2025-08-15,skipped,workshop
E137,EV029,2025-09-15,completed,workshop
E137,EV030,2025-10-15,skipped,workshop
E137,EV031,2025-11-15,skipped,course
E137,EV032,2025-12-15,completed,course
E137,EV033,2026-01-15,skipped,course
E137,EV034,2026-02-15,skipped,mentoring
E137,EV035,2026-03-15,completed,mentoring
E137,EV036,2026-04-15,skipped,mentoring
E137,EV037,2026-05-15,skipped,workshop
E137,EV038,2026-06-15,completed,workshop
E137,EV039,2026-07-15,skipped,workshop
E137,EV040,2026-08-15,skipped,course
E138,EV018,2024-09-15,completed,mentoring
E138,EV019,2024-10-15,skipped,workshop
E138,EV020,2024-11-15,skipped,workshop
E138,EV021,2024-12-15,completed,workshop
E138,EV022,2025-01-15,skipped,course
E138,EV023,2025-02-15,skipped,course
E138,EV024,2025-03-15,completed,course
E138,EV025,2025-04-15,skipped,mentoring
E138,EV026,2025-05-15,skipped,mentoring
E138,EV027,2025-06-15,completed,mentoring
E138,EV028,2025-07-15,skipped,workshop
E138,EV029,2025-08-15,skipped,workshop
E138,EV030,2025-09-15,completed,workshop
E138,EV031,2025-10-15,skipped,course
E138,EV032,2025-11-15,skipped,course
E138,EV033,2025-12-15,completed,course
E138,EV034,2026-01-15,skipped,mentoring
E138,EV035,2026-02-15,skipped,mentoring
E138,EV036,2026-03-15,completed,mentoring
E138,EV037,2026-04-15,skipped,workshop
E138,EV038,2026-05-15,skipped,workshop
E138,EV039,2026-06-15,completed,workshop
E138,EV040,2026-07-15,skipped,course
E138,EV001,2026-08-15,skipped,workshop
E139,EV019,2024-09-15,completed,workshop
E139,EV020,2024-10-15,skipped,workshop
E139,EV021,2024-11-15,skipped,workshop
E139,EV022,2024-12-15,completed,course
E139,EV023,2025-01-15,skipped,course
E139,EV024,2025-02-15,skipped,course
E139,EV025,2025-03-15,completed,mentoring
E139,EV026,2025-04-15,skipped,mentoring
E139,EV027,2025-05-15,skipped,mentoring
E139,EV028,2025-06-15,completed,workshop
E139,EV029,2025-07-15,skipped,workshop
E139,EV030,2025-08-15,skipped,workshop
E139,EV031,2025-09-15,completed,course
E139,EV032,2025-10-15,skipped,course
E139,EV033,2025-11-15,skipped,course
E139,EV034,2025-12-15,completed,mentoring
E139,EV035,2026-01-15,skipped,mentoring
E139,EV036,2026-02-15,skipped,mentoring
E139,EV037,2026-03-15,completed,workshop
E139,EV038,2026-04-15,skipped,workshop
E139,EV039,2026-05-15,skipped,workshop
E139,EV040,2026-06-15,completed,course
E139,EV001,2026-07-15,skipped,workshop
E139,EV002,2026-08-15,skipped,workshop
E140,EV020,2024-09-15,completed,workshop
E140,EV021,2024-10-15,skipped,workshop
E140,EV022,2024-11-15,skipped,course
E140,EV023,2024-12-15,completed,course
E140,EV024,2025-01-15,skipped,course
E140,EV025,2025-02-15,skipped,mentoring
E140,EV026,2025-03-15,completed,mentoring
E140,EV027,2025-04-15,skipped,mentoring
E140,EV028,2025-05-15,skipped,workshop
E140,EV029,2025-06-15,completed,workshop
E140,EV030,2025-07-15,skipped,workshop
E140,EV031,2025-08-15,skipped,course
E140,EV032,2025-09-15,completed,course
E140,EV033,2025-10-15,skipped,course
E140,EV034,2025-11-15,skipped,mentoring
E140,EV035,2025-12-15,completed,mentoring
E140,EV036,2026-01-15,skipped,mentoring
E140,EV037,2026-02-15,skipped,workshop
E140,EV038,2026-03-15,completed,workshop
E140,EV039,2026-04-15,skipped,workshop
E140,EV040,2026-05-15,skipped,course
E140,EV001,2026-06-15,completed,workshop
E140,EV002,2026-07-15,skipped,workshop
E140,EV003,2026-08-15,skipped,workshop
E141,EV021,2024-09-15,completed,workshop
E141,EV022,2024-10-15,skipped,course
E141,EV023,2024-11-15,skipped,course
E141,EV024,2024-12-15,completed,course
E141,EV025,2025-01-15,skipped,mentoring
E141,EV026,2025-02-15,skipped,mentoring
E141,EV027,2025-03-15,completed,mentoring
E141,EV028,2025-04-15,skipped,workshop
E141,EV029,2025-05-15,skipped,workshop
E141,EV030,2025-06-15,completed,workshop
E141,EV031,2025-07-15,skipped,course
E141,EV032,2025-08-15,skipped,course
E141,EV033,2025-09-15,completed,course
E141,EV034,2025-10-15,skipped,mentoring
E141,EV035,2025-11-15,skipped,mentoring
E141,EV036,2025-12-15,completed,mentoring
E141,EV037,2026-01-15,skipped,workshop
E141,EV038,2026-02-15,skipped,workshop
E141,EV039,2026-03-15,completed,workshop
E141,EV040,2026-04-15,skipped,course
E141,EV001,2026-05-15,skipped,workshop
E141,EV002,2026-06-15,completed,workshop
E141,EV003,2026-07-15,skipped,workshop
E141,EV004,2026-08-15,skipped,course
E142,EV022,2024-09-15,completed,course
E142,EV023,2024-10-15,skipped,course
E142,EV024,2024-11-15,skipped,course
E142,EV025,2024-12-15,completed,mentoring
E142,EV026,2025-01-15,skipped,mentoring
E142,EV027,2025-02-15,skipped,mentoring
E142,EV028,2025-03-15,completed,workshop
E142,EV029,2025-04-15,skipped,workshop
E142,EV030,2025-05-15,skipped,workshop
E142,EV031,2025-06-15,completed,course
E142,EV032,2025-07-15,skipped,course
E142,EV033,2025-08-15,skipped,course
E142,EV034,2025-09-15,completed,mentoring
E142,EV035,2025-10-15,skipped,mentoring
E142,EV036,2025-11-15,skipped,mentoring
E142,EV037,2025-12-15,completed,workshop
E142,EV038,2026-01-15,skipped,workshop
E142,EV039,2026-02-15,skipped,workshop
E142,EV040,2026-03-15,completed,course
E142,EV001,2026-04-15,skipped,workshop
E142,EV002,2026-05-15,skipped,workshop
E142,EV003,2026-06-15,completed,workshop
E142,EV004,2026-07-15,skipped,course
E142,EV005,2026-08-15,skipped,course
E143,EV023,2024-09-15,completed,course
E143,EV024,2024-10-15,skipped,course
E143,EV025,2024-11-15,skipped,mentoring
E143,EV026,2024-12-15,completed,mentoring
E143,EV027,2025-01-15,skipped,mentoring
E143,EV028,2025-02-15,skipped,workshop
E143,EV029,2025-03-15,completed,workshop
E143,EV030,2025-04-15,skipped,workshop
E143,EV031,2025-05-15,skipped,course
E143,EV032,2025-06-15,completed,course
E143,EV033,2025-07-15,skipped,course
E143,EV034,2025-08-15,skipped,mentoring
E143,EV035,2025-09-15,completed,mentoring
E143,EV036,2025-10-15,skipped,mentoring
E143,EV037,2025-11-15,skipped,workshop
E143,EV038,2025-12-15,completed,workshop
E143,EV039,2026-01-15,skipped,workshop
E143,EV040,2026-02-15,skipped,course
E143,EV001,2026-03-15,completed,workshop
E143,EV002,2026-04-15,skipped,workshop
E143,EV003,2026-05-15,skipped,workshop
E143,EV004,2026-06-15,completed,course
E143,EV005,2026-07-15,skipped,course
E143,EV006,2026-08-15,skipped,course
E144,EV024,2024-09-15,completed,course
E144,EV025,2024-10-15,skipped,mentoring
E144,EV026,2024-11-15,skipped,mentoring
E144,EV027,2024-12-15,completed,mentoring
E144,EV028,2025-01-15,skipped,workshop
E144,EV029,2025-02-15,skipped,workshop
E144,EV030,2025-03-15,completed,workshop
E144,EV031,2025-04-15,skipped,course
E144,EV032,2025-05-15,skipped,course
E144,EV033,2025-06-15,completed,course
E144,EV034,2025-07-15,skipped,mentoring
E144,EV035,2025-08-15,skipped,mentoring
E144,EV036,2025-09-15,completed,mentoring
E144,EV037,2025-10-15,skipped,workshop
E144,EV038,2025-11-15,skipped,workshop
E144,EV039,2025-12-15,completed,workshop
E144,EV040,2026-01-15,skipped,course
E144,EV001,2026-02-15,skipped,workshop
E144,EV002,2026-03-15,completed,workshop
E144,EV003,2026-04-15,skipped,workshop
E144,EV004,2026-05-15,skipped,course
E144,EV005,2026-06-15,completed,course
E144,EV006,2026-07-15,skipped,course
E144,EV007,2026-08-15,skipped,mentoring
E145,EV025,2024-09-15,completed,mentoring
E145,EV026,2024-10-15,skipped,mentoring
E145,EV027,2024-11-15,skipped,mentoring
E145,EV028,2024-12-15,completed,workshop
E145,EV029,2025-01-15,skipped,workshop
E145,EV030,2025-02-15,skipped,workshop
E145,EV031,2025-03-15,completed,course
E145,EV032,2025-04-15,skipped,course
E145,EV033,2025-05-15,skipped,course
E145,EV034,2025-06-15,completed,mentoring
E145,EV035,2025-07-15,skipped,mentoring
E145,EV036,2025-08-15,skipped,mentoring
E145,EV037,2025-09-15,completed,workshop
E145,EV038,2025-10-15,skipped,workshop
E145,EV039,2025-11-15,skipped,workshop
E145,EV040,2025-12-15,completed,course
E145,EV001,2026-01-15,skipped,workshop
E145,EV002,2026-02-15,skipped,workshop
E145,EV003,2026-03-15,completed,workshop
E145,EV004,2026-04-15,skipped,course
E145,EV005,2026-05-15,skipped,course
E145,EV006,2026-06-15,completed,course
E145,EV007,2026-07-15,skipped,mentoring
E145,EV008,2026-08-15,skipped,mentoring
E146,EV026,2024-09-15,completed,mentoring
E146,EV027,2024-10-15,skipped,mentoring
E146,EV028,2024-11-15,skipped,workshop
E146,EV029,2024-12-15,completed,workshop
E146,EV030,2025-01-15,skipped,workshop
E146,EV031,2025-02-15,skipped,course
E146,EV032,2025-03-15,completed,course
E146,EV033,2025-04-15,skipped,course
E146,EV034,2025-05-15,skipped,mentoring
E146,EV035,2025-06-15,completed,mentoring
E146,EV036,2025-07-15,skipped,mentoring
E146,EV037,2025-08-15,skipped,workshop
E146,EV038,2025-09-15,completed,workshop
E146,EV039,2025-10-15,skipped,workshop
E146,EV040,2025-11-15,skipped,course
E146,EV001,2025-12-15,completed,workshop
E146,EV002,2026-01-15,skipped,workshop
E146,EV003,2026-02-15,skipped,workshop
E146,EV004,2026-03-15,completed,course
E146,EV005,2026-04-15,skipped,course
E146,EV006,2026-05-15,skipped,course
E146,EV007,2026-06-15,completed,mentoring
E146,EV008,2026-07-15,skipped,mentoring
E146,EV009,2026-08-15,skipped,mentoring
E147,EV027,2024-09-15,completed,mentoring
E147,EV028,2024-10-15,skipped,workshop
E147,EV029,2024-11-15,skipped,workshop
E147,EV030,2024-12-15,completed,workshop
E147,EV031,2025-01-15,skipped,course
E147,EV032,2025-02-15,skipped,course
E147,EV033,2025-03-15,completed,course
E147,EV034,2025-04-15,skipped,mentoring
E147,EV035,2025-05-15,skipped,mentoring
E147,EV036,2025-06-15,completed,mentoring
E147,EV037,2025-07-15,skipped,workshop
E147,EV038,2025-08-15,skipped,workshop
E147,EV039,2025-09-15,completed,workshop
E147,EV040,2025-10-15,skipped,course
E147,EV001,2025-11-15,skipped,workshop
E147,EV002,2025-12-15,completed,workshop
E147,EV003,2026-01-15,skipped,workshop
E147,EV004,2026-02-15,skipped,course
E147,EV005,2026-03-15,completed,course
E147,EV006,2026-04-15,skipped,course
E147,EV007,2026-05-15,skipped,mentoring
E147,EV008,2026-06-15,completed,mentoring
E147,EV009,2026-07-15,skipped,mentoring
E147,EV010,2026-08-15,skipped,workshop
E148,EV028,2024-09-15,completed,workshop
E148,EV029,2024-10-15,skipped,workshop
E148,EV030,2024-11-15,skipped,workshop
E148,EV031,2024-12-15,completed,course
E148,EV032,2025-01-15,skipped,course
E148,EV033,2025-02-15,skipped,course
E148,EV034,2025-03-15,completed,mentoring
E148,EV035,2025-04-15,skipped,mentoring
E148,EV036,2025-05-15,skipped,mentoring
E148,EV037,2025-06-15,completed,workshop
E148,EV038,2025-07-15,skipped,workshop
E148,EV039,2025-08-15,skipped,workshop
E148,EV040,2025-09-15,completed,course
E148,EV001,2025-10-15,skipped,workshop
E148,EV002,2025-11-15,skipped,workshop
E148,EV003,2025-12-15,completed,workshop
E148,EV004,2026-01-15,skipped,course
E148,EV005,2026-02-15,skipped,course
E148,EV006,2026-03-15,completed,course
E148,EV007,2026-04-15,skipped,mentoring
E148,EV008,2026-05-15,skipped,mentoring
E148,EV009,2026-06-15,completed,mentoring
E148,EV010,2026-07-15,skipped,workshop
E148,EV011,2026-08-15,skipped,workshop
E149,EV029,2024-09-15,completed,workshop
E149,EV030,2024-10-15,skipped,workshop
E149,EV031,2024-11-15,skipped,course
E149,EV032,2024-12-15,completed,course
E149,EV033,2025-01-15,skipped,course
E149,EV034,2025-02-15,skipped,mentoring
E149,EV035,2025-03-15,completed,mentoring
E149,EV036,2025-04-15,skipped,mentoring
E149,EV037,2025-05-15,skipped,workshop
E149,EV038,2025-06-15,completed,workshop
E149,EV039,2025-07-15,skipped,workshop
E149,EV040,2025-08-15,skipped,course
E149,EV001,2025-09-15,completed,workshop
E149,EV002,2025-10-15,skipped,workshop
E149,EV003,2025-11-15,skipped,workshop
E149,EV004,2025-12-15,completed,course
E149,EV005,2026-01-15,skipped,course
E149,EV006,2026-02-15,skipped,course
E149,EV007,2026-03-15,completed,mentoring
E149,EV008,2026-04-15,skipped,mentoring
E149,EV009,2026-05-15,skipped,mentoring
E149,EV010,2026-06-15,completed,workshop
E149,EV011,2026-07-15,skipped,workshop
E149,EV012,2026-08-15,skipped,workshop
E150,EV030,2024-09-15,completed,workshop
E150,EV031,2024-10-15,skipped,course
E150,EV032,2024-11-15,skipped,course
E150,EV033,2024-12-15,completed,course
E150,EV034,2025-01-15,skipped,mentoring
E150,EV035,2025-02-15,skipped,mentoring
E150,EV036,2025-03-15,completed,mentoring
E150,EV037,2025-04-15,skipped,workshop
E150,EV038,2025-05-15,skipped,workshop
E150,EV039,2025-06-15,completed,workshop
E150,EV040,2025-07-15,skipped,course
E150,EV001,2025-08-15,skipped,workshop
E150,EV002,2025-09-15,completed,workshop
E150,EV003,2025-10-15,skipped,workshop
E150,EV004,2025-11-15,skipped,course
E150,EV005,2025-12-15,completed,course
E150,EV006,2026-01-15,skipped,course
E150,EV007,2026-02-15,skipped,mentoring
E150,EV008,2026-03-15,completed,mentoring
E150,EV009,2026-04-15,skipped,mentoring
E150,EV010,2026-05-15,skipped,workshop
E150,EV011,2026-06-15,completed,workshop
E150,EV012,2026-07-15,skipped,workshop
E150,EV013,2026-08-15,skipped,course
E151,EV031,2024-09-15,completed,course
E151,EV032,2024-10-15,skipped,course
E151,EV033,2024-11-15,skipped,course
E151,EV034,2024-12-15,completed,mentoring
E151,EV035,2025-01-15,skipped,mentoring
E151,EV036,2025-02-15,skipped,mentoring
E151,EV037,2025-03-15,completed,workshop
E151,EV038,2025-04-15,skipped,workshop
E151,EV039,2025-05-15,skipped,workshop
E151,EV040,2025-06-15,completed,course
E151,EV001,2025-07-15,skipped,workshop
E151,EV002,2025-08-15,skipped,workshop
E151,EV003,2025-09-15,completed,workshop
E151,EV004,2025-10-15,skipped,course
E151,EV005,2025-11-15,skipped,course
E151,EV006,2025-12-15,completed,course
E151,EV007,2026-01-15,skipped,mentoring
E151,EV008,2026-02-15,skipped,mentoring
E151,EV009,2026-03-15,completed,mentoring
E151,EV010,2026-04-15,skipped,workshop
E151,EV011,2026-05-15,skipped,workshop
E151,EV012,2026-06-15,completed,workshop
E151,EV013,2026-07-15,skipped,course
E151,EV014,2026-08-15,skipped,course
E152,EV032,2024-09-15,completed,course
E152,EV033,2024-10-15,skipped,course
E152,EV034,2024-11-15,skipped,mentoring
E152,EV035,2024-12-15,completed,mentoring
E152,EV036,2025-01-15,skipped,mentoring
E152,EV037,2025-02-15,skipped,workshop
E152,EV038,2025-03-15,completed,workshop
E152,EV039,2025-04-15,skipped,workshop
E152,EV040,2025-05-15,skipped,course
E152,EV001,2025-06-15,completed,workshop
E152,EV002,2025-07-15,skipped,workshop
E152,EV003,2025-08-15,skipped,workshop
E152,EV004,2025-09-15,completed,course
E152,EV005,2025-10-15,skipped,course
E152,EV006,2025-11-15,skipped,course
E152,EV007,2025-12-15,completed,mentoring
E152,EV008,2026-01-15,skipped,mentoring
E152,EV009,2026-02-15,skipped,mentoring
E152,EV010,2026-03-15,completed,workshop
E152,EV011,2026-04-15,skipped,workshop
E152,EV012,2026-05-15,skipped,workshop
E152,EV013,2026-06-15,completed,course
E152,EV014,2026-07-15,skipped,course
E152,EV015,2026-08-15,skipped,course
E153,EV033,2024-09-15,completed,course
E153,EV034,2024-10-15,skipped,mentoring
E153,EV035,2024-11-15,skipped,mentoring
E153,EV036,2024-12-15,completed,mentoring
E153,EV037,2025-01-15,skipped,workshop
E153,EV038,2025-02-15,skipped,workshop
E153,EV039,2025-03-15,completed,workshop
E153,EV040,2025-04-15,skipped,course
E153,EV001,2025-05-15,skipped,workshop
E153,EV002,2025-06-15,completed,workshop
E153,EV003,2025-07-15,skipped,workshop
E153,EV004,2025-08-15,skipped,course
E153,EV005,2025-09-15,completed,course
E153,EV006,2025-10-15,skipped,course
E153,EV007,2025-11-15,skipped,mentoring
E153,EV008,2025-12-15,completed,mentoring
E153,EV009,2026-01-15,skipped,mentoring
E153,EV010,2026-02-15,skipped,workshop
E153,EV011,2026-03-15,completed,workshop
E153,EV012,2026-04-15,skipped,workshop
E153,EV013,2026-05-15,skipped,course
E153,EV014,2026-06-15,completed,course
E153,EV015,2026-07-15,skipped,course
E153,EV016,2026-08-15,skipped,mentoring
E154,EV034,2024-09-15,completed,mentoring
E154,EV035,2024-10-15,skipped,mentoring
E154,EV036,2024-11-15,skipped,mentoring
E154,EV037,2024-12-15,completed,workshop
E154,EV038,2025-01-15,skipped,workshop
E154,EV039,2025-02-15,skipped,workshop
E154,EV040,2025-03-15,completed,course
E154,EV001,2025-04-15,skipped,workshop
E154,EV002,2025-05-15,skipped,workshop
E154,EV003,2025-06-15,completed,workshop
E154,EV004,2025-07-15,skipped,course
E154,EV005,2025-08-15,skipped,course
E154,EV006,2025-09-15,completed,course
E154,EV007,2025-10-15,skipped,mentoring
E154,EV008,2025-11-15,skipped,mentoring
E154,EV009,2025-12-15,completed,mentoring
E154,EV010,2026-01-15,skipped,workshop
E154,EV011,2026-02-15,skipped,workshop
E154,EV012,2026-03-15,completed,workshop
E154,EV013,2026-04-15,skipped,course
E154,EV014,2026-05-15,skipped,course
E154,EV015,2026-06-15,completed,course
E154,EV016,2026-07-15,skipped,mentoring
E154,EV017,2026-08-15,skipped,mentoring
E155,EV035,2024-09-15,completed,mentoring
E155,EV036,2024-10-15,skipped,mentoring
E155,EV037,2024-11-15,skipped,workshop
E155,EV038,2024-12-15,completed,workshop
E155,EV039,2025-01-15,skipped,workshop
E155,EV040,2025-02-15,skipped,course
E155,EV001,2025-03-15,completed,workshop
E155,EV002,2025-04-15,skipped,workshop
E155,EV003,2025-05-15,skipped,workshop
E155,EV004,2025-06-15,completed,course
E155,EV005,2025-07-15,skipped,course
E155,EV006,2025-08-15,skipped,course
E155,EV007,2025-09-15,completed,mentoring
E155,EV008,2025-10-15,skipped,mentoring
E155,EV009,2025-11-15,skipped,mentoring
E155,EV010,2025-12-15,completed,workshop
E155,EV011,2026-01-15,skipped,workshop
E155,EV012,2026-02-15,skipped,workshop
E155,EV013,2026-03-15,completed,course
E155,EV014,2026-04-15,skipped,course
E155,EV015,2026-05-15,skipped,course
E155,EV016,2026-06-15,completed,mentoring
E155,EV017,2026-07-15,skipped,mentoring
E155,EV018,2026-08-15,skipped,mentoring
E156,EV036,2024-09-15,completed,mentoring
E156,EV037,2024-10-15,skipped,workshop
E156,EV038,2024-11-15,skipped,workshop
E156,EV039,2024-12-15,completed,workshop
E156,EV040,2025-01-15,skipped,course
E156,EV001,2025-02-15,skipped,workshop
E156,EV002,2025-03-15,completed,workshop
E156,EV003,2025-04-15,skipped,workshop
E156,EV004,2025-05-15,skipped,course
E156,EV005,2025-06-15,completed,course
E156,EV006,2025-07-15,skipped,course
E156,EV007,2025-08-15,skipped,mentoring
E156,EV008,2025-09-15,completed,mentoring
E156,EV009,2025-10-15,skipped,mentoring
E156,EV010,2025-11-15,skipped,workshop
E156,EV011,2025-12-15,completed,workshop
E156,EV012,2026-01-15,skipped,workshop
E156,EV013,2026-02-15,skipped,course
E156,EV014,2026-03-15,completed,course
E156,EV015,2026-04-15,skipped,course
E156,EV016,2026-05-15,skipped,mentoring
E156,EV017,2026-06-15,completed,mentoring
E156,EV018,2026-07-15,skipped,mentoring
E156,EV019,2026-08-15,skipped,workshop
E157,EV037,2024-09-15,completed,workshop
E157,EV038,2024-10-15,skipped,workshop
E157,EV039,2024-11-15,skipped,workshop
E157,EV040,2024-12-15,completed,course
E157,EV001,2025-01-15,skipped,workshop
E157,EV002,2025-02-15,skipped,workshop
E157,EV003,2025-03-15,completed,workshop
E157,EV004,2025-04-15,skipped,course
E157,EV005,2025-05-15,skipped,course
E157,EV006,2025-06-15,completed,course
E157,EV007,2025-07-15,skipped,mentoring
E157,EV008,2025-08-15,skipped,mentoring
E157,EV009,2025-09-15,completed,mentoring
E157,EV010,2025-10-15,skipped,workshop
E157,EV011,2025-11-15,skipped,workshop
E157,EV012,2025-12-15,completed,workshop
E157,EV013,2026-01-15,skipped,course
E157,EV014,2026-02-15,skipped,course
E157,EV015,2026-03-15,completed,course
E157,EV016,2026-04-15,skipped,mentoring
E157,EV017,2026-05-15,skipped,mentoring
E157,EV018,2026-06-15,completed,mentoring
E157,EV019,2026-07-15,skipped,workshop
E157,EV020,2026-08-15,skipped,workshop
E158,EV038,2024-09-15,completed,workshop
E158,EV039,2024-10-15,skipped,workshop
E158,EV040,2024-11-15,skipped,course
E158,EV001,2024-12-15,completed,workshop
E158,EV002,2025-01-15,skipped,workshop
E158,EV003,2025-02-15,skipped,workshop
E158,EV004,2025-03-15,completed,course
E158,EV005,2025-04-15,skipped,course
E158,EV006,2025-05-15,skipped,course
E158,EV007,2025-06-15,completed,mentoring
E158,EV008,2025-07-15,skipped,mentoring
E158,EV009,2025-08-15,skipped,mentoring
E158,EV010,2025-09-15,completed,workshop
E158,EV011,2025-10-15,skipped,workshop
E158,EV012,2025-11-15,skipped,workshop
E158,EV013,2025-12-15,completed,course
E158,EV014,2026-01-15,skipped,course
E158,EV015,2026-02-15,skipped,course
E158,EV016,2026-03-15,completed,mentoring
E158,EV017,2026-04-15,skipped,mentoring
E158,EV018,2026-05-15,skipped,mentoring
E158,EV019,2026-06-15,completed,workshop
E158,EV020,2026-07-15,skipped,workshop
E158,EV021,2026-08-15,skipped,workshop
E159,EV039,2024-09-15,completed,workshop
E159,EV040,2024-10-15,skipped,course
E159,EV001,2024-11-15,skipped,workshop
E159,EV002,2024-12-15,completed,workshop
E159,EV003,2025-01-15,skipped,workshop
E159,EV004,2025-02-15,skipped,course
E159,EV005,2025-03-15,completed,course
E159,EV006,2025-04-15,skipped,course
E159,EV007,2025-05-15,skipped,mentoring
E159,EV008,2025-06-15,completed,mentoring
E159,EV009,2025-07-15,skipped,mentoring
E159,EV010,2025-08-15,skipped,workshop
E159,EV011,2025-09-15,completed,workshop
E159,EV012,2025-10-15,skipped,workshop
E159,EV013,2025-11-15,skipped,course
E159,EV014,2025-12-15,completed,course
E159,EV015,2026-01-15,skipped,course
E159,EV016,2026-02-15,skipped,mentoring
E159,EV017,2026-03-15,completed,mentoring
E159,EV018,2026-04-15,skipped,mentoring
E159,EV019,2026-05-15,skipped,workshop
E159,EV020,2026-06-15,completed,workshop
E159,EV021,2026-07-15,skipped,workshop
E159,EV022,2026-08-15,skipped,course
E160,EV040,2024-09-15,completed,course
E160,EV001,2024-10-15,skipped,workshop
E160,EV002,2024-11-15,skipped,workshop
E160,EV003,2024-12-15,completed,workshop
E160,EV004,2025-01-15,skipped,course
E160,EV005,2025-02-15,skipped,course
E160,EV006,2025-03-15,completed,course
E160,EV007,2025-04-15,skipped,mentoring
E160,EV008,2025-05-15,skipped,mentoring
E160,EV009,2025-06-15,completed,mentoring
E160,EV010,2025-07-15,skipped,workshop
E160,EV011,2025-08-15,skipped,workshop
E160,EV012,2025-09-15,completed,workshop
E160,EV013,2025-10-15,skipped,course
E160,EV014,2025-11-15,skipped,course
E160,EV015,2025-12-15,completed,course
E160,EV016,2026-01-15,skipped,mentoring
E160,EV017,2026-02-15,skipped,mentoring
E160,EV018,2026-03-15,completed,mentoring
E160,EV019,2026-04-15,skipped,workshop
E160,EV020,2026-05-15,skipped,workshop
E160,EV021,2026-06-15,completed,workshop
E160,EV022,2026-07-15,skipped,course
E160,EV023,2026-08-15,skipped,course
E161,EV001,2024-09-15,completed,workshop
E161,EV002,2024-10-15,skipped,workshop
E161,EV003,2024-11-15,skipped,workshop
E161,EV004,2024-12-15,completed,course
E161,EV005,2025-01-15,skipped,course
E161,EV006,2025-02-15,skipped,course
E161,EV007,2025-03-15,completed,mentoring
E161,EV008,2025-04-15,skipped,mentoring
E161,EV009,2025-05-15,skipped,mentoring
E161,EV010,2025-06-15,completed,workshop
E161,EV011,2025-07-15,skipped,workshop
E161,EV012,2025-08-15,skipped,workshop
E161,EV013,2025-09-15,completed,course
E161,EV014,2025-10-15,skipped,course
E161,EV015,2025-11-15,skipped,course
E161,EV016,2025-12-15,completed,mentoring
E161,EV017,2026-01-15,skipped,mentoring
E161,EV018,2026-02-15,skipped,mentoring
E161,EV019,2026-03-15,completed,workshop
E161,EV020,2026-04-15,skipped,workshop
E161,EV021,2026-05-15,skipped,workshop
E161,EV022,2026-06-15,completed,course
E161,EV023,2026-07-15,skipped,course
E161,EV024,2026-08-15,skipped,course
E162,EV002,2024-09-15,completed,workshop
E162,EV003,2024-10-15,skipped,workshop
E162,EV004,2024-11-15,skipped,course
E162,EV005,2024-12-15,completed,course
E162,EV006,2025-01-15,skipped,course
E162,EV007,2025-02-15,skipped,mentoring
E162,EV008,2025-03-15,completed,mentoring
E162,EV009,2025-04-15,skipped,mentoring
E162,EV010,2025-05-15,skipped,workshop
E162,EV011,2025-06-15,completed,workshop
E162,EV012,2025-07-15,skipped,workshop
E162,EV013,2025-08-15,skipped,course
E162,EV014,2025-09-15,completed,course
E162,EV015,2025-10-15,skipped,course
E162,EV016,2025-11-15,skipped,mentoring
E162,EV017,2025-12-15,completed,mentoring
E162,EV018,2026-01-15,skipped,mentoring
E162,EV019,2026-02-15,skipped,workshop
E162,EV020,2026-03-15,completed,workshop
E162,EV021,2026-04-15,skipped,workshop
E162,EV022,2026-05-15,skipped,course
E162,EV023,2026-06-15,completed,course
E162,EV024,2026-07-15,skipped,course
E162,EV025,2026-08-15,skipped,mentoring
E163,EV003,2024-09-15,completed,workshop
E163,EV004,2024-10-15,skipped,course
E163,EV005,2024-11-15,skipped,course
E163,EV006,2024-12-15,completed,course
E163,EV007,2025-01-15,skipped,mentoring
E163,EV008,2025-02-15,skipped,mentoring
E163,EV009,2025-03-15,completed,mentoring
E163,EV010,2025-04-15,skipped,workshop
E163,EV011,2025-05-15,skipped,workshop
E163,EV012,2025-06-15,completed,workshop
E163,EV013,2025-07-15,skipped,course
E163,EV014,2025-08-15,skipped,course
E163,EV015,2025-09-15,completed,course
E163,EV016,2025-10-15,skipped,mentoring
E163,EV017,2025-11-15,skipped,mentoring
E163,EV018,2025-12-15,completed,mentoring
E163,EV019,2026-01-15,skipped,workshop
E163,EV020,2026-02-15,skipped,workshop
E163,EV021,2026-03-15,completed,workshop
E163,EV022,2026-04-15,skipped,course
E163,EV023,2026-05-15,skipped,course
E163,EV024,2026-06-15,completed,course
E163,EV025,2026-07-15,skipped,mentoring
E163,EV026,2026-08-15,skipped,mentoring
E164,EV004,2024-09-15,completed,course
E164,EV005,2024-10-15,skipped,course
E164,EV006,2024-11-15,skipped,course
E164,EV007,2024-12-15,completed,mentoring
E164,EV008,2025-01-15,skipped,mentoring
E164,EV009,2025-02-15,skipped,mentoring
E164,EV010,2025-03-15,completed,workshop
E164,EV011,2025-04-15,skipped,workshop
E164,EV012,2025-05-15,skipped,workshop
E164,EV013,2025-06-15,completed,course
E164,EV014,2025-07-15,skipped,course
E164,EV015,2025-08-15,skipped,course
E164,EV016,2025-09-15,completed,mentoring
E164,EV017,2025-10-15,skipped,mentoring
E164,EV018,2025-11-15,skipped,mentoring
E164,EV019,2025-12-15,completed,workshop
E164,EV020,2026-01-15,skipped,workshop
E164,EV021,2026-02-15,skipped,workshop
E164,EV022,2026-03-15,completed,course
E164,EV023,2026-04-15,skipped,course
E164,EV024,2026-05-15,skipped,course
E164,EV025,2026-06-15,completed,mentoring
E164,EV026,2026-07-15,skipped,mentoring
E164,EV027,2026-08-15,skipped,mentoring
E165,EV005,2024-09-15,completed,course
E165,EV006,2024-10-15,skipped,course
E165,EV007,2024-11-15,skipped,mentoring
E165,EV008,2024-12-15,completed,mentoring
E165,EV009,2025-01-15,skipped,mentoring
E165,EV010,2025-02-15,skipped,workshop
E165,EV011,2025-03-15,completed,workshop
E165,EV012,2025-04-15,skipped,workshop
E165,EV013,2025-05-15,skipped,course
E165,EV014,2025-06-15,completed,course
E165,EV015,2025-07-15,skipped,course
E165,EV016,2025-08-15,skipped,mentoring
E165,EV017,2025-09-15,completed,mentoring
E165,EV018,2025-10-15,skipped,mentoring
E165,EV019,2025-11-15,skipped,workshop
E165,EV020,2025-12-15,completed,workshop
E165,EV021,2026-01-15,skipped,workshop
E165,EV022,2026-02-15,skipped,course
E165,EV023,2026-03-15,completed,course
E165,EV024,2026-04-15,skipped,course
E165,EV025,2026-05-15,skipped,mentoring
E165,EV026,2026-06-15,completed,mentoring
E165,EV027,2026-07-15,skipped,mentoring
E165,EV028,2026-08-15,skipped,workshop
E166,EV006,2024-09-15,completed,course
E166,EV007,2024-10-15,skipped,mentoring
E166,EV008,2024-11-15,skipped,mentoring
E166,EV009,2024-12-15,completed,mentoring
E166,EV010,2025-01-15,skipped,workshop
E166,EV011,2025-02-15,skipped,workshop
E166,EV012,2025-03-15,completed,workshop
E166,EV013,2025-04-15,skipped,course
E166,EV014,2025-05-15,skipped,course
E166,EV015,2025-06-15,completed,course
E166,EV016,2025-07-15,skipped,mentoring
E166,EV017,2025-08-15,skipped,mentoring
E166,EV018,2025-09-15,completed,mentoring
E166,EV019,2025-10-15,skipped,workshop
E166,EV020,2025-11-15,skipped,workshop
E166,EV021,2025-12-15,completed,workshop
E166,EV022,2026-01-15,skipped,course
E166,EV023,2026-02-15,skipped,course
E166,EV024,2026-03-15,completed,course
E166,EV025,2026-04-15,skipped,mentoring
E166,EV026,2026-05-15,skipped,mentoring
E166,EV027,2026-06-15,completed,mentoring
E166,EV028,2026-07-15,skipped,workshop
E166,EV029,2026-08-15,skipped,workshop
E167,EV007,2024-09-15,completed,mentoring
E167,EV008,2024-10-15,skipped,mentoring
E167,EV009,2024-11-15,skipped,mentoring
E167,EV010,2024-12-15,completed,workshop
E167,EV011,2025-01-15,skipped,workshop
E167,EV012,2025-02-15,skipped,workshop
E167,EV013,2025-03-15,completed,course
E167,EV014,2025-04-15,skipped,course
E167,EV015,2025-05-15,skipped,course
E167,EV016,2025-06-15,completed,mentoring
E167,EV017,2025-07-15,skipped,mentoring
E167,EV018,2025-08-15,skipped,mentoring
E167,EV019,2025-09-15,completed,workshop
E167,EV020,2025-10-15,skipped,workshop
E167,EV021,2025-11-15,skipped,workshop
E167,EV022,2025-12-15,completed,course
E167,EV023,2026-01-15,skipped,course
E167,EV024,2026-02-15,skipped,course
E167,EV025,2026-03-15,completed,mentoring
E167,EV026,2026-04-15,skipped,mentoring
E167,EV027,2026-05-15,skipped,mentoring
E167,EV028,2026-06-15,completed,workshop
E167,EV029,2026-07-15,skipped,workshop
E167,EV030,2026-08-15,skipped,workshop
E168,EV008,2024-09-15,completed,mentoring
E168,EV009,2024-10-15,skipped,mentoring
E168,EV010,2024-11-15,skipped,workshop
E168,EV011,2024-12-15,completed,workshop
E168,EV012,2025-01-15,skipped,workshop
E168,EV013,2025-02-15,skipped,course
E168,EV014,2025-03-15,completed,course
E168,EV015,2025-04-15,skipped,course
E168,EV016,2025-05-15,skipped,mentoring
E168,EV017,2025-06-15,completed,mentoring
E168,EV018,2025-07-15,skipped,mentoring
E168,EV019,2025-08-15,skipped,workshop
E168,EV020,2025-09-15,completed,workshop
E168,EV021,2025-10-15,skipped,workshop
E168,EV022,2025-11-15,skipped,course
E168,EV023,2025-12-15,completed,course
E168,EV024,2026-01-15,skipped,course
E168,EV025,2026-02-15,skipped,mentoring
E168,EV026,2026-03-15,completed,mentoring
E168,EV027,2026-04-15,skipped,mentoring
E168,EV028,2026-05-15,skipped,workshop
E168,EV029,2026-06-15,completed,workshop
E168,EV030,2026-07-15,skipped,workshop
E168,EV031,2026-08-15,skipped,course
E169,EV009,2024-09-15,completed,mentoring
E169,EV010,2024-10-15,skipped,workshop
E169,EV011,2024-11-15,skipped,workshop
E169,EV012,2024-12-15,completed,workshop
E169,EV013,2025-01-15,skipped,course
E169,EV014,2025-02-15,skipped,course
E169,EV015,2025-03-15,completed,course
E169,EV016,2025-04-15,skipped,mentoring
E169,EV017,2025-05-15,skipped,mentoring
E169,EV018,2025-06-15,completed,mentoring
E169,EV019,2025-07-15,skipped,workshop
E169,EV020,2025-08-15,skipped,workshop
E169,EV021,2025-09-15,completed,workshop
E169,EV022,2025-10-15,skipped,course
E169,EV023,2025-11-15,skipped,course
E169,EV024,2025-12-15,completed,course
E169,EV025,2026-01-15,skipped,mentoring
E169,EV026,2026-02-15,skipped,mentoring
E169,EV027,2026-03-15,completed,mentoring
E169,EV028,2026-04-15,skipped,workshop
E169,EV029,2026-05-15,skipped,workshop
E169,EV030,2026-06-15,completed,workshop
E169,EV031,2026-07-15,skipped,course
E169,EV032,2026-08-15,skipped,course
E170,EV010,2024-09-15,completed,workshop
E170,EV011,2024-10-15,skipped,workshop
E170,EV012,2024-11-15,skipped,workshop
E170,EV013,2024-12-15,completed,course
E170,EV014,2025-01-15,skipped,course
E170,EV015,2025-02-15,skipped,course
E170,EV016,2025-03-15,completed,mentoring
E170,EV017,2025-04-15,skipped,mentoring
E170,EV018,2025-05-15,skipped,mentoring
E170,EV019,2025-06-15,completed,workshop
E170,EV020,2025-07-15,skipped,workshop
E170,EV021,2025-08-15,skipped,workshop
E170,EV022,2025-09-15,completed,course
E170,EV023,2025-10-15,skipped,course
E170,EV024,2025-11-15,skipped,course
E170,EV025,2025-12-15,completed,mentoring
E170,EV026,2026-01-15,skipped,mentoring
E170,EV027,2026-02-15,skipped,mentoring
E170,EV028,2026-03-15,completed,workshop
E170,EV029,2026-04-15,skipped,workshop
E170,EV030,2026-05-15,skipped,workshop
E170,EV031,2026-06-15,completed,course
E170,EV032,2026-07-15,skipped,course
E170,EV033,2026-08-15,skipped,course
E171,EV011,2024-09-15,completed,workshop
E171,EV012,2024-10-15,skipped,workshop
E171,EV013,2024-11-15,skipped,course
E171,EV014,2024-12-15,completed,course
E171,EV015,2025-01-15,skipped,course
E171,EV016,2025-02-15,skipped,mentoring
E171,EV017,2025-03-15,completed,mentoring
E171,EV018,2025-04-15,skipped,mentoring
E171,EV019,2025-05-15,skipped,workshop
E171,EV020,2025-06-15,completed,workshop
E171,EV021,2025-07-15,skipped,workshop
E171,EV022,2025-08-15,skipped,course
E171,EV023,2025-09-15,completed,course
E171,EV024,2025-10-15,skipped,course
E171,EV025,2025-11-15,skipped,mentoring
E171,EV026,2025-12-15,completed,mentoring
E171,EV027,2026-01-15,skipped,mentoring
E171,EV028,2026-02-15,skipped,workshop
E171,EV029,2026-03-15,completed,workshop
E171,EV030,2026-04-15,skipped,workshop
E171,EV031,2026-05-15,skipped,course
E171,EV032,2026-06-15,completed,course
E171,EV033,2026-07-15,skipped,course
E171,EV034,2026-08-15,skipped,mentoring
E172,EV012,2024-09-15,completed,workshop
E172,EV013,2024-10-15,skipped,course
E172,EV014,2024-11-15,skipped,course
E172,EV015,2024-12-15,completed,course
E172,EV016,2025-01-15,skipped,mentoring
E172,EV017,2025-02-15,skipped,mentoring
E172,EV018,2025-03-15,completed,mentoring
E172,EV019,2025-04-15,skipped,workshop
E172,EV020,2025-05-15,skipped,workshop
E172,EV021,2025-06-15,completed,workshop
E172,EV022,2025-07-15,skipped,course
E172,EV023,2025-08-15,skipped,course
E172,EV024,2025-09-15,completed,course
E172,EV025,2025-10-15,skipped,mentoring
E172,EV026,2025-11-15,skipped,mentoring
E172,EV027,2025-12-15,completed,mentoring
E172,EV028,2026-01-15,skipped,workshop
E172,EV029,2026-02-15,skipped,workshop
E172,EV030,2026-03-15,completed,workshop
E172,EV031,2026-04-15,skipped,course
E172,EV032,2026-05-15,skipped,course
E172,EV033,2026-06-15,completed,course
E172,EV034,2026-07-15,skipped,mentoring
E172,EV035,2026-08-15,skipped,mentoring
E173,EV013,2024-09-15,completed,course
E173,EV014,2024-10-15,skipped,course
E173,EV015,2024-11-15,skipped,course
E173,EV016,2024-12-15,completed,mentoring
E173,EV017,2025-01-15,skipped,mentoring
E173,EV018,2025-02-15,skipped,mentoring
E173,EV019,2025-03-15,completed,workshop
E173,EV020,2025-04-15,skipped,workshop
E173,EV021,2025-05-15,skipped,workshop
E173,EV022,2025-06-15,completed,course
E173,EV023,2025-07-15,skipped,course
E173,EV024,2025-08-15,skipped,course
E173,EV025,2025-09-15,completed,mentoring
E173,EV026,2025-10-15,skipped,mentoring
E173,EV027,2025-11-15,skipped,mentoring
E173,EV028,2025-12-15,completed,workshop
E173,EV029,2026-01-15,skipped,workshop
E173,EV030,2026-02-15,skipped,workshop
E173,EV031,2026-03-15,completed,course
E173,EV032,2026-04-15,skipped,course
E173,EV033,2026-05-15,skipped,course
E173,EV034,2026-06-15,completed,mentoring
E173,EV035,2026-07-15,skipped,mentoring
E173,EV036,2026-08-15,skipped,mentoring
E174,EV014,2024-09-15,completed,course
E174,EV015,2024-10-15,skipped,course
E174,EV016,2024-11-15,skipped,mentoring
E174,EV017,2024-12-15,completed,mentoring
E174,EV018,2025-01-15,skipped,mentoring
E174,EV019,2025-02-15,skipped,workshop
E174,EV020,2025-03-15,completed,workshop
E174,EV021,2025-04-15,skipped,workshop
E174,EV022,2025-05-15,skipped,course
E174,EV023,2025-06-15,completed,course
E174,EV024,2025-07-15,skipped,course
E174,EV025,2025-08-15,skipped,mentoring
E174,EV026,2025-09-15,completed,mentoring
E174,EV027,2025-10-15,skipped,mentoring
E174,EV028,2025-11-15,skipped,workshop
E174,EV029,2025-12-15,completed,workshop
E174,EV030,2026-01-15,skipped,workshop
E174,EV031,2026-02-15,skipped,course
E174,EV032,2026-03-15,completed,course
E174,EV033,2026-04-15,skipped,course
E174,EV034,2026-05-15,skipped,mentoring
E174,EV035,2026-06-15,completed,mentoring
E174,EV036,2026-07-15,skipped,mentoring
E174,EV037,2026-08-15,skipped,workshop
E175,EV015,2024-09-15,completed,course
E175,EV016,2024-10-15,skipped,mentoring
E175,EV017,2024-11-15,skipped,mentoring
E175,EV018,2024-12-15,completed,mentoring
E175,EV019,2025-01-15,skipped,workshop
E175,EV020,2025-02-15,skipped,workshop
E175,EV021,2025-03-15,completed,workshop
E175,EV022,2025-04-15,skipped,course
E175,EV023,2025-05-15,skipped,course
E175,EV024,2025-06-15,completed,course
E175,EV025,2025-07-15,skipped,mentoring
E175,EV026,2025-08-15,skipped,mentoring
E175,EV027,2025-09-15,completed,mentoring
E175,EV028,2025-10-15,skipped,workshop
E175,EV029,2025-11-15,skipped,workshop
E175,EV030,2025-12-15,completed,workshop
E175,EV031,2026-01-15,skipped,course
E175,EV032,2026-02-15,skipped,course
E175,EV033,2026-03-15,completed,course
E175,EV034,2026-04-15,skipped,mentoring
E175,EV035,2026-05-15,skipped,mentoring
E175,EV036,2026-06-15,completed,mentoring
E175,EV037,2026-07-15,skipped,workshop
E175,EV038,2026-08-15,skipped,workshop
E176,EV016,2024-09-15,completed,mentoring
E176,EV017,2024-10-15,skipped,mentoring
E176,EV018,2024-11-15,skipped,mentoring
E176,EV019,2024-12-15,completed,workshop
E176,EV020,2025-01-15,skipped,workshop
E176,EV021,2025-02-15,skipped,workshop
E176,EV022,2025-03-15,completed,course
E176,EV023,2025-04-15,skipped,course
E176,EV024,2025-05-15,skipped,course
E176,EV025,2025-06-15,completed,mentoring
E176,EV026,2025-07-15,skipped,mentoring
E176,EV027,2025-08-15,skipped,mentoring
E176,EV028,2025-09-15,completed,workshop
E176,EV029,2025-10-15,skipped,workshop
E176,EV030,2025-11-15,skipped,workshop
E176,EV031,2025-12-15,completed,course
E176,EV032,2026-01-15,skipped,course
E176,EV033,2026-02-15,skipped,course
E176,EV034,2026-03-15,completed,mentoring
E176,EV035,2026-04-15,skipped,mentoring
E176,EV036,2026-05-15,skipped,mentoring
E176,EV037,2026-06-15,completed,workshop
E176,EV038,2026-07-15,skipped,workshop
E176,EV039,2026-08-15,skipped,workshop
E177,EV017,2024-09-15,completed,mentoring
E177,EV018,2024-10-15,skipped,mentoring
E177,EV019,2024-11-15,skipped,workshop
E177,EV020,2024-12-15,completed,workshop
E177,EV021,2025-01-15,skipped,workshop
E177,EV022,2025-02-15,skipped,course
E177,EV023,2025-03-15,completed,course
E177,EV024,2025-04-15,skipped,course
E177,EV025,2025-05-15,skipped,mentoring
E177,EV026,2025-06-15,completed,mentoring
E177,EV027,2025-07-15,skipped,mentoring
E177,EV028,2025-08-15,skipped,workshop
E177,EV029,2025-09-15,completed,workshop
E177,EV030,2025-10-15,skipped,workshop
E177,EV031,2025-11-15,skipped,course
E177,EV032,2025-12-15,completed,course
E177,EV033,2026-01-15,skipped,course
E177,EV034,2026-02-15,skipped,mentoring
E177,EV035,2026-03-15,completed,mentoring
E177,EV036,2026-04-15,skipped,mentoring
E177,EV037,2026-05-15,skipped,workshop
E177,EV038,2026-06-15,completed,workshop
E177,EV039,2026-07-15,skipped,workshop
E177,EV040,2026-08-15,skipped,course
E178,EV018,2024-09-15,completed,mentoring
E178,EV019,2024-10-15,skipped,workshop
E178,EV020,2024-11-15,skipped,workshop
E178,EV021,2024-12-15,completed,workshop
E178,EV022,2025-01-15,skipped,course
E178,EV023,2025-02-15,skipped,course
E178,EV024,2025-03-15,completed,course
E178,EV025,2025-04-15,skipped,mentoring
E178,EV026,2025-05-15,skipped,mentoring
E178,EV027,2025-06-15,completed,mentoring
E178,EV028,2025-07-15,skipped,workshop
E178,EV029,2025-08-15,skipped,workshop
E178,EV030,2025-09-15,completed,workshop
E178,EV031,2025-10-15,skipped,course
E178,EV032,2025-11-15,skipped,course
E178,EV033,2025-12-15,completed,course
E178,EV034,2026-01-15,skipped,mentoring
E178,EV035,2026-02-15,skipped,mentoring
E178,EV036,2026-03-15,completed,mentoring
E178,EV037,2026-04-15,skipped,workshop
E178,EV038,2026-05-15,skipped,workshop
E178,EV039,2026-06-15,completed,workshop
E178,EV040,2026-07-15,skipped,course
E178,EV001,2026-08-15,skipped,workshop
E179,EV019,2024-09-15,completed,workshop
E179,EV020,2024-10-15,skipped,workshop
E179,EV021,2024-11-15,skipped,workshop
E179,EV022,2024-12-15,completed,course
E179,EV023,2025-01-15,skipped,course
E179,EV024,2025-02-15,skipped,course
E179,EV025,2025-03-15,completed,mentoring
E179,EV026,2025-04-15,skipped,mentoring
E179,EV027,2025-05-15,skipped,mentoring
E179,EV028,2025-06-15,completed,workshop
E179,EV029,2025-07-15,skipped,workshop
E179,EV030,2025-08-15,skipped,workshop
E179,EV031,2025-09-15,completed,course
E179,EV032,2025-10-15,skipped,course
E179,EV033,2025-11-15,skipped,course
E179,EV034,2025-12-15,completed,mentoring
E179,EV035,2026-01-15,skipped,mentoring
E179,EV036,2026-02-15,skipped,mentoring
E179,EV037,2026-03-15,completed,workshop
E179,EV038,2026-04-15,skipped,workshop
E179,EV039,2026-05-15,skipped,workshop
E179,EV040,2026-06-15,completed,course
E179,EV001,2026-07-15,skipped,workshop
E179,EV002,2026-08-15,skipped,workshop
E180,EV020,2024-09-15,completed,workshop
E180,EV021,2024-10-15,skipped,workshop
E180,EV022,2024-11-15,skipped,course
E180,EV023,2024-12-15,completed,course
E180,EV024,2025-01-15,skipped,course
E180,EV025,2025-02-15,skipped,mentoring
E180,EV026,2025-03-15,completed,mentoring
E180,EV027,2025-04-15,skipped,mentoring
E180,EV028,2025-05-15,skipped,workshop
E180,EV029,2025-06-15,completed,workshop
E180,EV030,2025-07-15,skipped,workshop
E180,EV031,2025-08-15,skipped,course
E180,EV032,2025-09-15,completed,course
E180,EV033,2025-10-15,skipped,course
E180,EV034,2025-11-15,skipped,mentoring
E180,EV035,2025-12-15,completed,mentoring
E180,EV036,2026-01-15,skipped,mentoring
E180,EV037,2026-02-15,skipped,workshop
E180,EV038,2026-03-15,completed,workshop
E180,EV039,2026-04-15,skipped,workshop
E180,EV040,2026-05-15,skipped,course
E180,EV001,2026-06-15,completed,workshop
E180,EV002,2026-07-15,skipped,workshop
E180,EV003,2026-08-15,skipped,workshop
E181,EV021,2024-09-15,completed,workshop
E181,EV022,2024-10-15,skipped,course
E181,EV023,2024-11-15,skipped,course
E181,EV024,2024-12-15,completed,course
E181,EV025,2025-01-15,skipped,mentoring
E181,EV026,2025-02-15,skipped,mentoring
E181,EV027,2025-03-15,completed,mentoring
E181,EV028,2025-04-15,skipped,workshop
E181,EV029,2025-05-15,skipped,workshop
E181,EV030,2025-06-15,completed,workshop
E181,EV031,2025-07-15,skipped,course
E181,EV032,2025-08-15,skipped,course
E181,EV033,2025-09-15,completed,course
E181,EV034,2025-10-15,skipped,mentoring
E181,EV035,2025-11-15,skipped,mentoring
E181,EV036,2025-12-15,completed,mentoring
E181,EV037,2026-01-15,skipped,workshop
E181,EV038,2026-02-15,skipped,workshop
E181,EV039,2026-03-15,completed,workshop
E181,EV040,2026-04-15,skipped,course
E181,EV001,2026-05-15,skipped,workshop
E181,EV002,2026-06-15,completed,workshop
E181,EV003,2026-07-15,skipped,workshop
E181,EV004,2026-08-15,skipped,course
E182,EV022,2024-09-15,completed,course
E182,EV023,2024-10-15,skipped,course
E182,EV024,2024-11-15,skipped,course
E182,EV025,2024-12-15,completed,mentoring
E182,EV026,2025-01-15,skipped,mentoring
E182,EV027,2025-02-15,skipped,mentoring
E182,EV028,2025-03-15,completed,workshop
E182,EV029,2025-04-15,skipped,workshop
E182,EV030,2025-05-15,skipped,workshop
E182,EV031,2025-06-15,completed,course
E182,EV032,2025-07-15,skipped,course
E182,EV033,2025-08-15,skipped,course
E182,EV034,2025-09-15,completed,mentoring
E182,EV035,2025-10-15,skipped,mentoring
E182,EV036,2025-11-15,skipped,mentoring
E182,EV037,2025-12-15,completed,workshop
E182,EV038,2026-01-15,skipped,workshop
E182,EV039,2026-02-15,skipped,workshop
E182,EV040,2026-03-15,completed,course
E182,EV001,2026-04-15,skipped,workshop
E182,EV002,2026-05-15,skipped,workshop
E182,EV003,2026-06-15,completed,workshop
E182,EV004,2026-07-15,skipped,course
E182,EV005,2026-08-15,skipped,course
E183,EV023,2024-09-15,completed,course
E183,EV024,2024-10-15,skipped,course
E183,EV025,2024-11-15,skipped,mentoring
E183,EV026,2024-12-15,completed,mentoring
E183,EV027,2025-01-15,skipped,mentoring
E183,EV028,2025-02-15,skipped,workshop
E183,EV029,2025-03-15,completed,workshop
E183,EV030,2025-04-15,skipped,workshop
E183,EV031,2025-05-15,skipped,course
E183,EV032,2025-06-15,completed,course
E183,EV033,2025-07-15,skipped,course
E183,EV034,2025-08-15,skipped,mentoring
E183,EV035,2025-09-15,completed,mentoring
E183,EV036,2025-10-15,skipped,mentoring
E183,EV037,2025-11-15,skipped,workshop
E183,EV038,2025-12-15,completed,workshop
E183,EV039,2026-01-15,skipped,workshop
E183,EV040,2026-02-15,skipped,course
E183,EV001,2026-03-15,completed,workshop
E183,EV002,2026-04-15,skipped,workshop
E183,EV003,2026-05-15,skipped,workshop
E183,EV004,2026-06-15,completed,course
E183,EV005,2026-07-15,skipped,course
E183,EV006,2026-08-15,skipped,course
E184,EV024,2024-09-15,completed,course
E184,EV025,2024-10-15,skipped,mentoring
E184,EV026,2024-11-15,skipped,mentoring
E184,EV027,2024-12-15,completed,mentoring
E184,EV028,2025-01-15,skipped,workshop
E184,EV029,2025-02-15,skipped,workshop
E184,EV030,2025-03-15,completed,workshop
E184,EV031,2025-04-15,skipped,course
E184,EV032,2025-05-15,skipped,course
E184,EV033,2025-06-15,completed,course
E184,EV034,2025-07-15,skipped,mentoring
E184,EV035,2025-08-15,skipped,mentoring
E184,EV036,2025-09-15,completed,mentoring
E184,EV037,2025-10-15,skipped,workshop
E184,EV038,2025-11-15,skipped,workshop
E184,EV039,2025-12-15,completed,workshop
E184,EV040,2026-01-15,skipped,course
E184,EV001,2026-02-15,skipped,workshop
E184,EV002,2026-03-15,completed,workshop
E184,EV003,2026-04-15,skipped,workshop
E184,EV004,2026-05-15,skipped,course
E184,EV005,2026-06-15,completed,course
E184,EV006,2026-07-15,skipped,course
E184,EV007,2026-08-15,skipped,mentoring
E185,EV025,2024-09-15,completed,mentoring
E185,EV026,2024-10-15,skipped,mentoring
E185,EV027,2024-11-15,skipped,mentoring
E185,EV028,2024-12-15,completed,workshop
E185,EV029,2025-01-15,skipped,workshop
E185,EV030,2025-02-15,skipped,workshop
E185,EV031,2025-03-15,completed,course
E185,EV032,2025-04-15,skipped,course
E185,EV033,2025-05-15,skipped,course
E185,EV034,2025-06-15,completed,mentoring
E185,EV035,2025-07-15,skipped,mentoring
E185,EV036,2025-08-15,skipped,mentoring
E185,EV037,2025-09-15,completed,workshop
E185,EV038,2025-10-15,skipped,workshop
E185,EV039,2025-11-15,skipped,workshop
E185,EV040,2025-12-15,completed,course
E185,EV001,2026-01-15,skipped,workshop
E185,EV002,2026-02-15,skipped,workshop
E185,EV003,2026-03-15,completed,workshop
E185,EV004,2026-04-15,skipped,course
E185,EV005,2026-05-15,skipped,course
E185,EV006,2026-06-15,completed,course
E185,EV007,2026-07-15,skipped,mentoring
E185,EV008,2026-08-15,skipped,mentoring
E186,EV026,2024-09-15,completed,mentoring
E186,EV027,2024-10-15,skipped,mentoring
E186,EV028,2024-11-15,skipped,workshop
E186,EV029,2024-12-15,completed,workshop
E186,EV030,2025-01-15,skipped,workshop
E186,EV031,2025-02-15,skipped,course
E186,EV032,2025-03-15,completed,course
E186,EV033,2025-04-15,skipped,course
E186,EV034,2025-05-15,skipped,mentoring
E186,EV035,2025-06-15,completed,mentoring
E186,EV036,2025-07-15,skipped,mentoring
E186,EV037,2025-08-15,skipped,workshop
E186,EV038,2025-09-15,completed,workshop
E186,EV039,2025-10-15,skipped,workshop
E186,EV040,2025-11-15,skipped,course
E186,EV001,2025-12-15,completed,workshop
E186,EV002,2026-01-15,skipped,workshop
E186,EV003,2026-02-15,skipped,workshop
E186,EV004,2026-03-15,completed,course
E186,EV005,2026-04-15,skipped,course
E186,EV006,2026-05-15,skipped,course
E186,EV007,2026-06-15,completed,mentoring
E186,EV008,2026-07-15,skipped,mentoring
E186,EV009,2026-08-15,skipped,mentoring
E187,EV027,2024-09-15,completed,mentoring
E187,EV028,2024-10-15,skipped,workshop
E187,EV029,2024-11-15,skipped,workshop
E187,EV030,2024-12-15,completed,workshop
E187,EV031,2025-01-15,skipped,course
E187,EV032,2025-02-15,skipped,course
E187,EV033,2025-03-15,completed,course
E187,EV034,2025-04-15,skipped,mentoring
E187,EV035,2025-05-15,skipped,mentoring
E187,EV036,2025-06-15,completed,mentoring
E187,EV037,2025-07-15,skipped,workshop
E187,EV038,2025-08-15,skipped,workshop
E187,EV039,2025-09-15,completed,workshop
E187,EV040,2025-10-15,skipped,course
E187,EV001,2025-11-15,skipped,workshop
E187,EV002,2025-12-15,completed,workshop
E187,EV003,2026-01-15,skipped,workshop
E187,EV004,2026-02-15,skipped,course
E187,EV005,2026-03-15,completed,course
E187,EV006,2026-04-15,skipped,course
E187,EV007,2026-05-15,skipped,mentoring
E187,EV008,2026-06-15,completed,mentoring
E187,EV009,2026-07-15,skipped,mentoring
E187,EV010,2026-08-15,skipped,workshop
E188,EV028,2024-09-15,completed,workshop
E188,EV029,2024-10-15,skipped,workshop
E188,EV030,2024-11-15,skipped,workshop
E188,EV031,2024-12-15,completed,course
E188,EV032,2025-01-15,skipped,course
E188,EV033,2025-02-15,skipped,course
E188,EV034,2025-03-15,completed,mentoring
E188,EV035,2025-04-15,skipped,mentoring
E188,EV036,2025-05-15,skipped,mentoring
E188,EV037,2025-06-15,completed,workshop
E188,EV038,2025-07-15,skipped,workshop
E188,EV039,2025-08-15,skipped,workshop
E188,EV040,2025-09-15,completed,course
E188,EV001,2025-10-15,skipped,workshop
E188,EV002,2025-11-15,skipped,workshop
E188,EV003,2025-12-15,completed,workshop
E188,EV004,2026-01-15,skipped,course
E188,EV005,2026-02-15,skipped,course
E188,EV006,2026-03-15,completed,course
E188,EV007,2026-04-15,skipped,mentoring
E188,EV008,2026-05-15,skipped,mentoring
E188,EV009,2026-06-15,completed,mentoring
E188,EV010,2026-07-15,skipped,workshop
E188,EV011,2026-08-15,skipped,workshop
E189,EV029,2024-09-15,completed,workshop
E189,EV030,2024-10-15,skipped,workshop
E189,EV031,2024-11-15,skipped,course
E189,EV032,2024-12-15,completed,course
E189,EV033,2025-01-15,skipped,course
E189,EV034,2025-02-15,skipped,mentoring
E189,EV035,2025-03-15,completed,mentoring
E189,EV036,2025-04-15,skipped,mentoring
E189,EV037,2025-05-15,skipped,workshop
E189,EV038,2025-06-15,completed,workshop
E189,EV039,2025-07-15,skipped,workshop
E189,EV040,2025-08-15,skipped,course
E189,EV001,2025-09-15,completed,workshop
E189,EV002,2025-10-15,skipped,workshop
E189,EV003,2025-11-15,skipped,workshop
E189,EV004,2025-12-15,completed,course
E189,EV005,2026-01-15,skipped,course
E189,EV006,2026-02-15,skipped,course
E189,EV007,2026-03-15,completed,mentoring
E189,EV008,2026-04-15,skipped,mentoring
E189,EV009,2026-05-15,skipped,mentoring
E189,EV010,2026-06-15,completed,workshop
E189,EV011,2026-07-15,skipped,workshop
E189,EV012,2026-08-15,skipped,workshop
E190,EV030,2024-09-15,completed,workshop
E190,EV031,2024-10-15,skipped,course
E190,EV032,2024-11-15,skipped,course
E190,EV033,2024-12-15,completed,course
E190,EV034,2025-01-15,skipped,mentoring
E190,EV035,2025-02-15,skipped,mentoring
E190,EV036,2025-03-15,completed,mentoring
E190,EV037,2025-04-15,skipped,workshop
E190,EV038,2025-05-15,skipped,workshop
E190,EV039,2025-06-15,completed,workshop
E190,EV040,2025-07-15,skipped,course
E190,EV001,2025-08-15,skipped,workshop
E190,EV002,2025-09-15,completed,workshop
E190,EV003,2025-10-15,skipped,workshop
E190,EV004,2025-11-15,skipped,course
E190,EV005,2025-12-15,completed,course
E190,EV006,2026-01-15,skipped,course
E190,EV007,2026-02-15,skipped,mentoring
E190,EV008,2026-03-15,completed,mentoring
E190,EV009,2026-04-15,skipped,mentoring
E190,EV010,2026-05-15,skipped,workshop
E190,EV011,2026-06-15,completed,workshop
E190,EV012,2026-07-15,skipped,workshop
E190,EV013,2026-08-15,skipped,course
E191,EV031,2024-09-15,completed,course
E191,EV032,2024-10-15,skipped,course
E191,EV033,2024-11-15,skipped,course
E191,EV034,2024-12-15,completed,mentoring
E191,EV035,2025-01-15,skipped,mentoring
E191,EV036,2025-02-15,skipped,mentoring
E191,EV037,2025-03-15,completed,workshop
E191,EV038,2025-04-15,skipped,workshop
E191,EV039,2025-05-15,skipped,workshop
E191,EV040,2025-06-15,completed,course
E191,EV001,2025-07-15,skipped,workshop
E191,EV002,2025-08-15,skipped,workshop
E191,EV003,2025-09-15,completed,workshop
E191,EV004,2025-10-15,skipped,course
E191,EV005,2025-11-15,skipped,course
E191,EV006,2025-12-15,completed,course
E191,EV007,2026-01-15,skipped,mentoring
E191,EV008,2026-02-15,skipped,mentoring
E191,EV009,2026-03-15,completed,mentoring
E191,EV010,2026-04-15,skipped,workshop
E191,EV011,2026-05-15,skipped,workshop
E191,EV012,2026-06-15,completed,workshop
E191,EV013,2026-07-15,skipped,course
E191,EV014,2026-08-15,skipped,course
E192,EV032,2024-09-15,completed,course
E192,EV033,2024-10-15,skipped,course
E192,EV034,2024-11-15,skipped,mentoring
E192,EV035,2024-12-15,completed,mentoring
E192,EV036,2025-01-15,skipped,mentoring
E192,EV037,2025-02-15,skipped,workshop
E192,EV038,2025-03-15,completed,workshop
E192,EV039,2025-04-15,skipped,workshop
E192,EV040,2025-05-15,skipped,course
E192,EV001,2025-06-15,completed,workshop
E192,EV002,2025-07-15,skipped,workshop
E192,EV003,2025-08-15,skipped,workshop
E192,EV004,2025-09-15,completed,course
E192,EV005,2025-10-15,skipped,course
E192,EV006,2025-11-15,skipped,course
E192,EV007,2025-12-15,completed,mentoring
E192,EV008,2026-01-15,skipped,mentoring
E192,EV009,2026-02-15,skipped,mentoring
E192,EV010,2026-03-15,completed,workshop
E192,EV011,2026-04-15,skipped,workshop
E192,EV012,2026-05-15,skipped,workshop
E192,EV013,2026-06-15,completed,course
E192,EV014,2026-07-15,skipped,course
E192,EV015,2026-08-15,skipped,course
E193,EV033,2024-09-15,completed,course
E193,EV034,2024-10-15,skipped,mentoring
E193,EV035,2024-11-15,skipped,mentoring
E193,EV036,2024-12-15,completed,mentoring
E193,EV037,2025-01-15,skipped,workshop
E193,EV038,2025-02-15,skipped,workshop
E193,EV039,2025-03-15,completed,workshop
E193,EV040,2025-04-15,skipped,course
E193,EV001,2025-05-15,skipped,workshop
E193,EV002,2025-06-15,completed,workshop
E193,EV003,2025-07-15,skipped,workshop
E193,EV004,2025-08-15,skipped,course
E193,EV005,2025-09-15,completed,course
E193,EV006,2025-10-15,skipped,course
E193,EV007,2025-11-15,skipped,mentoring
E193,EV008,2025-12-15,completed,mentoring
E193,EV009,2026-01-15,skipped,mentoring
E193,EV010,2026-02-15,skipped,workshop
E193,EV011,2026-03-15,completed,workshop
E193,EV012,2026-04-15,skipped,workshop
E193,EV013,2026-05-15,skipped,course
E193,EV014,2026-06-15,completed,course
E193,EV015,2026-07-15,skipped,course
E193,EV016,2026-08-15,skipped,mentoring
E194,EV034,2024-09-15,completed,mentoring
E194,EV035,2024-10-15,skipped,mentoring
E194,EV036,2024-11-15,skipped,mentoring
E194,EV037,2024-12-15,completed,workshop
E194,EV038,2025-01-15,skipped,workshop
E194,EV039,2025-02-15,skipped,workshop
E194,EV040,2025-03-15,completed,course
E194,EV001,2025-04-15,skipped,workshop
E194,EV002,2025-05-15,skipped,workshop
E194,EV003,2025-06-15,completed,workshop
E194,EV004,2025-07-15,skipped,course
E194,EV005,2025-08-15,skipped,course
E194,EV006,2025-09-15,completed,course
E194,EV007,2025-10-15,skipped,mentoring
E194,EV008,2025-11-15,skipped,mentoring
E194,EV009,2025-12-15,completed,mentoring
E194,EV010,2026-01-15,skipped,workshop
E194,EV011,2026-02-15,skipped,workshop
E194,EV012,2026-03-15,completed,workshop
E194,EV013,2026-04-15,skipped,course
E194,EV014,2026-05-15,skipped,course
E194,EV015,2026-06-15,completed,course
E194,EV016,2026-07-15,skipped,mentoring
E194,EV017,2026-08-15,skipped,mentoring
E195,EV035,2024-09-15,completed,mentoring
E195,EV036,2024-10-15,skipped,mentoring
E195,EV037,2024-11-15,skipped,workshop
E195,EV038,2024-12-15,completed,workshop
E195,EV039,2025-01-15,skipped,workshop
E195,EV040,2025-02-15,skipped,course
E195,EV001,2025-03-15,completed,workshop
E195,EV002,2025-04-15,skipped,workshop
E195,EV003,2025-05-15,skipped,workshop
E195,EV004,2025-06-15,completed,course
E195,EV005,2025-07-15,skipped,course
E195,EV006,2025-08-15,skipped,course
E195,EV007,2025-09-15,completed,mentoring
E195,EV008,2025-10-15,skipped,mentoring
E195,EV009,2025-11-15,skipped,mentoring
E195,EV010,2025-12-15,completed,workshop
E195,EV011,2026-01-15,skipped,workshop
E195,EV012,2026-02-15,skipped,workshop
E195,EV013,2026-03-15,completed,course
E195,EV014,2026-04-15,skipped,course
E195,EV015,2026-05-15,skipped,course
E195,EV016,2026-06-15,completed,mentoring
E195,EV017,2026-07-15,skipped,mentoring
E195,EV018,2026-08-15,skipped,mentoring
E196,EV036,2024-09-15,completed,mentoring
E196,EV037,2024-10-15,skipped,workshop
E196,EV038,2024-11-15,skipped,workshop
E196,EV039,2024-12-15,completed,workshop
E196,EV040,2025-01-15,skipped,course
E196,EV001,2025-02-15,skipped,workshop
E196,EV002,2025-03-15,completed,workshop
E196,EV003,2025-04-15,skipped,workshop
E196,EV004,2025-05-15,skipped,course
E196,EV005,2025-06-15,completed,course
E196,EV006,2025-07-15,skipped,course
E196,EV007,2025-08-15,skipped,mentoring
E196,EV008,2025-09-15,completed,mentoring
E196,EV009,2025-10-15,skipped,mentoring
E196,EV010,2025-11-15,skipped,workshop
E196,EV011,2025-12-15,completed,workshop
E196,EV012,2026-01-15,skipped,workshop
E196,EV013,2026-02-15,skipped,course
E196,EV014,2026-03-15,completed,course
E196,EV015,2026-04-15,skipped,course
E196,EV016,2026-05-15,skipped,mentoring
E196,EV017,2026-06-15,completed,mentoring
E196,EV018,2026-07-15,skipped,mentoring
E196,EV019,2026-08-15,skipped,workshop
E197,EV037,2024-09-15,completed,workshop
E197,EV038,2024-10-15,skipped,workshop
E197,EV039,2024-11-15,skipped,workshop
E197,EV040,2024-12-15,completed,course
E197,EV001,2025-01-15,skipped,workshop
E197,EV002,2025-02-15,skipped,workshop
E197,EV003,2025-03-15,completed,workshop
E197,EV004,2025-04-15,skipped,course
E197,EV005,2025-05-15,skipped,course
E197,EV006,2025-06-15,completed,course
E197,EV007,2025-07-15,skipped,mentoring
E197,EV008,2025-08-15,skipped,mentoring
E197,EV009,2025-09-15,completed,mentoring
E197,EV010,2025-10-15,skipped,workshop
E197,EV011,2025-11-15,skipped,workshop
E197,EV012,2025-12-15,completed,workshop
E197,EV013,2026-01-15,skipped,course
E197,EV014,2026-02-15,skipped,course
E197,EV015,2026-03-15,completed,course
E197,EV016,2026-04-15,skipped,mentoring
E197,EV017,2026-05-15,skipped,mentoring
E197,EV018,2026-06-15,completed,mentoring
E197,EV019,2026-07-15,skipped,workshop
E197,EV020,2026-08-15,skipped,workshop
E198,EV038,2024-09-15,completed,workshop
E198,EV039,2024-10-15,skipped,workshop
E198,EV040,2024-11-15,skipped,course
E198,EV001,2024-12-15,completed,workshop
E198,EV002,2025-01-15,skipped,workshop
E198,EV003,2025-02-15,skipped,workshop
E198,EV004,2025-03-15,completed,course
E198,EV005,2025-04-15,skipped,course
E198,EV006,2025-05-15,skipped,course
E198,EV007,2025-06-15,completed,mentoring
E198,EV008,2025-07-15,skipped,mentoring
E198,EV009,2025-08-15,skipped,mentoring
E198,EV010,2025-09-15,completed,workshop
E198,EV011,2025-10-15,skipped,workshop
E198,EV012,2025-11-15,skipped,workshop
E198,EV013,2025-12-15,completed,course
E198,EV014,2026-01-15,skipped,course
E198,EV015,2026-02-15,skipped,course
E198,EV016,2026-03-15,completed,mentoring
E198,EV017,2026-04-15,skipped,mentoring
E198,EV018,2026-05-15,skipped,mentoring
E198,EV019,2026-06-15,completed,workshop
E198,EV020,2026-07-15,skipped,workshop
E198,EV021,2026-08-15,skipped,workshop
E199,EV039,2024-09-15,completed,workshop
E199,EV040,2024-10-15,skipped,course
E199,EV001,2024-11-15,skipped,workshop
E199,EV002,2024-12-15,completed,workshop
E199,EV003,2025-01-15,skipped,workshop
E199,EV004,2025-02-15,skipped,course
E199,EV005,2025-03-15,completed,course
E199,EV006,2025-04-15,skipped,course
E199,EV007,2025-05-15,skipped,mentoring
E199,EV008,2025-06-15,completed,mentoring
E199,EV009,2025-07-15,skipped,mentoring
E199,EV010,2025-08-15,skipped,workshop
E199,EV011,2025-09-15,completed,workshop
E199,EV012,2025-10-15,skipped,workshop
E199,EV013,2025-11-15,skipped,course
E199,EV014,2025-12-15,completed,course
E199,EV015,2026-01-15,skipped,course
E199,EV016,2026-02-15,skipped,mentoring
E199,EV017,2026-03-15,completed,mentoring
E199,EV018,2026-04-15,skipped,mentoring
E199,EV019,2026-05-15,skipped,workshop
E199,EV020,2026-06-15,completed,workshop
E199,EV021,2026-07-15,skipped,workshop
E199,EV022,2026-08-15,skipped,course
E200,EV040,2024-09-15,completed,course
E200,EV001,2024-10-15,skipped,workshop
E200,EV002,2024-11-15,skipped,workshop
E200,EV003,2024-12-15,completed,workshop
E200,EV004,2025-01-15,skipped,course
E200,EV005,2025-02-15,skipped,course
E200,EV006,2025-03-15,completed,course
E200,EV007,2025-04-15,skipped,mentoring
E200,EV008,2025-05-15,skipped,mentoring
E200,EV009,2025-06-15,completed,mentoring
E200,EV010,2025-07-15,skipped,workshop
E200,EV011,2025-08-15,skipped,workshop
E200,EV012,2025-09-15,completed,workshop
E200,EV013,2025-10-15,skipped,course
E200,EV014,2025-11-15,skipped,course
E200,EV015,2025-12-15,completed,course
E200,EV016,2026-01-15,skipped,mentoring
E200,EV017,2026-02-15,skipped,mentoring
E200,EV018,2026-03-15,completed,mentoring
E200,EV019,2026-04-15,skipped,workshop
E200,EV020,2026-05-15,skipped,workshop
E200,EV021,2026-06-15,completed,workshop
E200,EV022,2026-07-15,skipped,course
E200,EV023,2026-08-15,skipped,course
